email,firstName,lastName,jobTitle,phone,companyName,personalization,hypothesis,letter1_variant,subject_variant,campaign,batch,mailbox,priority,vertical,city,timezone,address_type,lprName
pupkov@mztpa.ru,Александр Сергеевич,Пупков,коммерческий директор,+7 (49234) 2-30-98,МЗТА,"Увидели, что в июле 2026 вашу продукцию включили в реестр промышленных товаров ЕАЭС и вы открыты к новым партнёрам и дилерам в странах союза.","Предполагаем, что напрямую потенциальным дилерам пока никто не пишет.",в,B,промышленность,A,1,A,Промоборудование,Муром,МСК,именной (у ЛПР),Александр Сергеевич Пупков
v.doroshko@tpchel.ru,Владимир Владимирович,Дорошко,коммерческий директор,+7 351 242-01-93,Теплоприбор,"Увидели, что в июле 2026 года вы запустили серийное производство датчиков давления в кислородном исполнении.","Предполагаем, что сделки длинные и зависят от числа начатых разговоров, а новых заказчиков системно не ищут.",в,B,промышленность,A,2,A,Промоборудование,Челябинск,МСК+2,именной (у ЛПР),Владимир Владимирович Дорошко
stolyarov@termotronic.ru,Андрей Николаевич,Столяров,коммерческий директор,+7 (812) 326-10-50 (доб. 2059),ТЕРМОТРОНИК,"Увидели, что на «АГРОПРОДМАШ-2026» (28 сентября — 1 октября) вы приглашали на свой стенд смотреть в работе оборудование для учёта расхода на пищевых производствах.","Предполагаем, что между выставками поток запросов проседает, а сделки длинные и зависят от числа начатых разговоров.",в,B,промышленность,A,1,A,Промоборудование,Санкт-Петербург,МСК,именной (у ЛПР),Андрей Николаевич Столяров
mfv@kanmash.ru,Федор Валерьевич,Митюков,коммерческий директор,8 800 250-75-00,Канмаш,"Увидели, что на Mining & Metals Central Asia 2026 в Алматы 16–18 сентября вы провели серию встреч с горнодобывающими предприятиями и получили предварительные запросы на поставку оборудования.","Предполагаем, что между выставками поток запросов проседает, а сделки длинные и зависят от числа начатых разговоров.",в,A,промышленность,A,2,A,Промоборудование,Канаш,МСК,именной (у ЛПР),Федор Валерьевич Митюков
pashnin@ecohim.ru,Денис Аркадьевич,Пашнин,коммерческий директор,+7 (812) 322-96-00,ЭКРОСХИМ,"Увидели, что вы приглашаете на свой стенд на выставке «Pharmtech & Ingredients 2026» в МВЦ «Крокус Экспо» с 24 по 27 ноября.","Предполагаем, что между выставками поток запросов проседает, а сделки длинные и зависят от числа начатых разговоров.",в,B,промышленность,A,1,A,Промоборудование,Санкт-Петербург,МСК,именной (у ЛПР),Денис Аркадьевич Пашнин
kalugina.v@bzpa.ru,Вера Сергеевна,Калугина,директор по продажам,+7 (383) 375 96 06,БЗПА,"Увидели, что 4–7 июня 2026 на форуме «Уголь России и Майнинг» в Новокузнецке вы провели серию встреч с промышленными предприятиями Кузбасса и Западной Сибири.","Предполагаем, что между выставками поток запросов проседает, а сделки длинные и зависят от числа начатых разговоров.",в,A,промышленность,A,2,A,Промоборудование,Брянск,МСК,именной (у ЛПР),Вера Сергеевна Калугина
dedov@tt45.ru,Андрей Михайлович,Дедов,руководитель отдела,8 (3522) 634-063,ТехноТранс,"Увидели, что в июле 2026 вы запустили практические инструктажи для операторов и механиков спецтехники — 17 программ, с выездом на площадку заказчика.","Предполагаем, что покупатели идут с площадок объявлений, а автопаркам и перевозчикам напрямую никто не пишет.",в,A,промышленность,A,1,A,Коммерческая техника,Курган,МСК+2,именной (у ЛПР),Андрей Михайлович Дедов
mullayarova@fresh-logic.ru,Ольга,Муллаярова,коммерческий директор,+7 495 668 09 34,RFL,"Увидели, что на CeMAT RUSSIA вы объявили о партнёрстве с «Велостраной» и подписали договор о складском обслуживании на 2027 год.","Предполагаем, что перед высоким сезоном нужны новые интернет-магазины, а менеджеры заняты текущими клиентами.",в,B,услуги для бизнеса,A,2,A,Логистика,Томилино,МСК,именной (у ЛПР),Ольга Муллаярова
m.zimnenko@optimalog.ru,Михаил,Зимненко,руководитель отдела продаж,+7 (800) 500-53-22 (доб. 1143),Optimalog,"Увидели на сайте, что вы ищете менеджера по продажам B2B: в задачах активная исходящая работа с лидами и переговоры на уровне ЛПР.","Предполагаем, что новому сотруднику сразу понадобятся встречи.",в,A,услуги для бизнеса,A,1,A,Логистика ВЭД,Москва,МСК,именной (у ЛПР),Михаил Зимненко
an@mdmprint.ru,Андрей,Курятов,руководитель отдела продаж,+7 (495) 256-10-00 (доб. 102),МДМпринт,"Увидели на сайте, что в августе 2026 вы анонсировали свой стенд F21 на выставке IPSA 2026 в Крокус Экспо с сотнями образцов полиграфии и брендированной продукции.","Предполагаем, что заказы приносят постоянные клиенты и поиск, а новым компаниям напрямую никто не пишет.",в,B,услуги для бизнеса,A,2,A,Полиграфия и сувениры,Москва,МСК,именной (у ЛПР),Андрей Курятов
komdir@ikmz.ru,Олег Иванович,Брагин,коммерческий директор,+7 (3412) 56-96-18,ИКМЗ,"Увидели на сайте, что вы ищете менеджера по продажам — общаться с заказчиками и заключать договоры на продукцию завода.","Предполагаем, что новому сотруднику сразу понадобятся встречи.",в,A,промышленность,A,1,A,Промоборудование,Ижевск,МСК+1,ящик должности ЛПР,Олег Иванович Брагин
om@solvo.ru,Мария,Оленникова,директор по маркетингу,+7 (812) 606-05-55,СОЛВО,"Увидели, что 16 сентября 2026 на выставке CeMAT RUSSIA вы провели свою кейс-сессию о роботизации складов, маркировке и интеллектуальном управлении процессами.","Предполагаем, что на демо записываются те, кто уже ищет решение, а до остальных продажи не дотягиваются.",в,B,IT и интеграторы,A,2,B,B2B SaaS,Санкт-Петербург,МСК,именной (у ЛПР),Мария Оленникова
v.manerov@teamly.ru,Владимир,Манеров,исполнительный директор,+7 938 299 9787,TEAMLY,"Увидели на сайте, что 24 сентября 2026 вы провели бесплатный вебинар о подготовке бизнеса к внедрению корпоративного ИИ и агентов.","Предполагаем, что на демо записываются те, кто уже ищет решение, а до остальных продажи не дотягиваются.",в,A,IT и интеграторы,A,1,B,B2B SaaS,Москва,МСК,именной (у ЛПР),Владимир Манеров
p.dzyuba@integrus.ru,Пётр,Дзюба,генеральный директор,+7 (812) 507-60-67,Интегрус,"Увидели на сайте, что вы создали и внедрили для «Присмианрус», производителя кабельной продукции, блок адресного хранения на складе и выпуска продукции на основе штрих-кодирования.","Предполагаем, что проекты идут от вендора и из рейтингов, а напрямую заказчикам никто не пишет.",в,B,IT и интеграторы,A,2,B,Интеграторы и автоматизация,Санкт-Петербург,МСК,именной (у ЛПР),Пётр Дзюба
paltsev@rosintelcom.ru,Михаил Витальевич,Пальцев,генеральный директор,+7 (4872) 70-41-71,Интелком,"Увидели на сайте, что вы с 2009 года работаете на рынке информационной безопасности, а доверяют вам правительства Московской, Тульской и Брянской областей.","Предполагаем, что проекты идут от вендора и из рейтингов, а напрямую заказчикам никто не пишет.",в,A,IT и интеграторы,A,1,B,Интеграторы и автоматизация,Тула,МСК,именной (у ЛПР),Михаил Витальевич Пальцев
pavlov@gensmeta.ru,Леонид Викторович,Павлов,руководитель отдела продаж,+7 (495) 540-50-65,Дженерал Смета,"Увидели на сайте, что вы 29 сентября 2026 предложили клиентам заказать дополнение №83 для ТСН-2001 ГАУ «Мосгосэкспертиза» к программе Smeta.RU.","Предполагаем, что проекты идут от вендора и из рейтингов, а напрямую заказчикам никто не пишет.",в,A,IT и интеграторы,A,2,B,Интеграторы и автоматизация,Москва,МСК,именной (у ЛПР),Леонид Викторович Павлов
bondarenko@secretgroup.ru,Леонид Григорьевич,Бондаренко,генеральный директор,+7 (495) 109-29-50,Сикрет Технолоджис,"Увидели, что в июле 2026 вы вместе с F6 интегрировали Secret Cloud Enterprise с её «песочницей», чтобы автоматически блокировать скрытое вредоносное ПО при обмене документами.","Предполагаем, что проекты идут от вендора и из рейтингов, а напрямую заказчикам никто не пишет.",в,B,IT и интеграторы,A,1,B,Интеграторы и автоматизация,Москва,МСК,именной (у ЛПР),Леонид Григорьевич Бондаренко
egorova_en@igrids.ru,Екатерина Николаевна,Егорова,начальник отдела,,iGrids,"Увидели на сайте, что вы в ноябре 2025 года сообщили об успешных испытаниях платформы «Anomaly Forge» в своей лаборатории на реальном трафике цифровых подстанций.","Предполагаем, что проекты идут от вендора и из рейтингов, а напрямую заказчикам никто не пишет.",в,B,IT и интеграторы,A,2,B,Интеграторы и автоматизация,Чебоксары,МСК,именной (у ЛПР),Екатерина Николаевна Егорова
as@vkorpe.ru,Сергей Сергеевич,Андреев,руководитель отдела,+7 (812) 244 27 17,Vkorpe,"Увидели на сайте, что вы работаете с более чем 4000 постоянных заказчиков и выиграли больше 1000 торгов.","Предполагаем, что проекты идут от вендора и из рейтингов, а напрямую заказчикам никто не пишет.",в,B,IT и интеграторы,A,1,B,Интеграторы и автоматизация,Санкт-Петербург,МСК,именной (у ЛПР),Сергей Сергеевич Андреев
gam@amcad.ru,Александр,Газизулин,генеральный директор,+7 (351) 239-82-63,АМКАД,"Увидели на сайте, что вы получили диплом в номинации «PLM-навигатор» на конференции IMPULS 2026 в Минске и представили там свои наработки по PLM.","Предполагаем, что проекты идут от вендора и из рейтингов, а напрямую заказчикам никто не пишет.",в,A,IT и интеграторы,A,2,B,Интеграторы и автоматизация,Челябинск,МСК+2,именной (у ЛПР),Александр Газизулин
vitaliy@usk.ru,Виталий,Фуников,исполнительный директор,+7 (863) 236-04-70,ЮСК,"Увидели на сайте, что вы в сентябре 2026 стали лучшим партнёром «Лаборатории Касперского» в ЮФО — награду вручили на конференции вендора в Гуанчжоу.","Предполагаем, что проекты идут от вендора и из рейтингов, а напрямую заказчикам никто не пишет.",в,B,IT и интеграторы,B,1,B,Интеграторы и автоматизация,Ростов-на-Дону,МСК,именной (у ЛПР),Виталий Фуников
valeri.vorobiev@asapcg.com,Валерий,Воробьев,генеральный директор,+7 (495) 642-63-20,АСАП Разработка,"Увидели на сайте, что вы вместе с заказчиком «СВИСС КРОНО» в апреле 2026 представили на семинаре по 1С:ERP опыт импортозамещения зарубежной аналитической системы.","Предполагаем, что проекты идут от вендора и из рейтингов, а напрямую заказчикам никто не пишет.",в,A,IT и интеграторы,B,2,B,Интеграторы и автоматизация,Москва,МСК,именной (у ЛПР),Валерий Воробьев
kl@networkss.ru,Кирилл,Левин,заместитель директора,8-800-600-22-12,Network Solutions,"Увидели на сайте, что вы в августе 2026 представили оборудование Eltex на собственном стенде конференции IT CREDO в Пензе и выступили с докладом о новинках линейки.","Предполагаем, что проекты идут от вендора и из рейтингов, а напрямую заказчикам никто не пишет.",в,A,IT и интеграторы,B,1,B,Интеграторы и автоматизация,Новосибирск,МСК+4,именной (у ЛПР),Кирилл Левин
spy@cyber-strategy.ru,Павел,Стригин,коммерческий директор,+7 391 216 87 37,Кибер Стратегия,"Увидели на сайте, что вы 5 февраля 2026 работали на собственном стенде конференции «Код ИБ» и вели диалог с её участниками, заказчиками и партнёрами.","Предполагаем, что проекты идут от вендора и из рейтингов, а напрямую заказчикам никто не пишет.",в,B,IT и интеграторы,B,2,B,Интеграторы и автоматизация,Красноярск,МСК+4,именной (у ЛПР),Павел Стригин
a.pavlov@tu-don.ru,Александр Сергеевич,Павлов,генеральный директор,+7 (863) 209-80-58,Технологии учета,"Увидели на сайте, что вы автоматизировали склад дистрибуции «Грасс тайм» в Донецке с помощью модуля AS WMS Lite — кейс от 23 сентября 2026.","Предполагаем, что проекты идут от вендора и из рейтингов, а напрямую заказчикам никто не пишет.",в,A,IT и интеграторы,B,1,B,Интеграторы и автоматизация,Ростов-на-Дону,МСК,именной (у ЛПР),Александр Сергеевич Павлов
pao@aitis.pro,Алексей Олегович,Пятковский,директор,+7 (3852) 505-022,АЙТИС,"Увидели на сайте, что вы подключаете бизнес к ТС ПИоТ под ключ: настраиваете, проверяете и запускаете.","Предполагаем, что проекты идут от вендора и из рейтингов, а напрямую заказчикам никто не пишет.",в,B,IT и интеграторы,B,2,B,Интеграторы и автоматизация,Барнаул,МСК+4,именной (у ЛПР),Алексей Олегович Пятковский
stam@kripta.ru,Станислав Анатольевич,Маркевич,генеральный директор,+7 (4162) 99-99-11,Крипта,"Увидели, что по итогам мая 2026 вы вошли в тройку лучших партнёров России по установке модулей ТС ПИоТ.","Предполагаем, что проекты идут от вендора и из рейтингов, а напрямую заказчикам никто не пишет.",в,A,IT и интеграторы,B,1,B,Интеграторы и автоматизация,Благовещенск,МСК+6,именной (у ЛПР),Станислав Анатольевич Маркевич
BetevaOA@it-murman.ru,Оксана Анатольевна,Бетева,генеральный директор,8 (8152) 69 27 00,Центр консалтинговых проектов,"Увидели на сайте, что вы приглашаете на вебинар 14 октября 2026 о проектном учёте в энергомашиностроении и инжиниринге в 1С:ERP.","Предполагаем, что проекты идут от вендора и из рейтингов, а напрямую заказчикам никто не пишет.",в,A,IT и интеграторы,B,2,B,Интеграторы и автоматизация,Мурманск,МСК,именной (у ЛПР),Оксана Анатольевна Бетева
daniil.nesterov@intervolga.ru,Даниил,Нестеров,руководитель коммерческого отдела,+7 495 648 57 90,Интерволга,"Увидели на сайте, что вы ведёте комплексную автоматизацию B2B-продаж производителя смазочных материалов: интеграция Битрикс24 с 1С:ERP и контроль ежедневной работы менеджеров.","Предполагаем, что проекты идут от вендора и из рейтингов, а напрямую заказчикам никто не пишет.",в,B,IT и интеграторы,B,1,B,Интеграторы и автоматизация,Волгоград,МСК,именной (у ЛПР),Даниил Нестеров
ye@aspro.ru,Ярослав,Егоров,директор по продажам,8 800 500-47-11,Аспро,"Увидели на сайте, что вашу систему управления бизнесом Аспро.Cloud используют уже больше 25 000 компаний.","Предполагаем, что на демо записываются те, кто уже ищет решение, а до остальных продажи не дотягиваются.",в,B,IT и интеграторы,B,2,B,Интеграторы и автоматизация,Челябинск,МСК+2,именной (у ЛПР),Ярослав Егоров
ngrigoriev@cleverence.ru,Никита,Григорьев,руководитель отдела маркетинга,+7 (495) 662 98-03,Клеверенс,"Увидели на сайте, что вы проводите в октябре 2026 двенадцать событий — от партнёрских вебинаров и семинаров до конференции по автоматизации склада.","Предполагаем, что на демо записываются те, кто уже ищет решение, а до остальных продажи не дотягиваются.",в,A,IT и интеграторы,B,1,B,Интеграторы и автоматизация,Москва,МСК,именной (у ЛПР),Никита Григорьев
lunin@pixelplus.ru,Александр,Лунин,руководитель отдела продаж,+7 495 989-53-11,Пиксель Плюс,"Увидели на сайте, что вы в сентябре 2026 вошли в лидеры отраслевых срезов Рейтинга Рунета — от SEO и техподдержки до разработки сайтов.","Предполагаем, что заявки идут из рейтингов и контента, а исходящего канала на нужные компании нет.",в,A,IT и интеграторы,B,2,B,B2B-маркетинг,Москва,МСК,именной (у ЛПР),Александр Лунин
Alexei.Roudiak@nikolskaya.ru,Алексей,Рудяк,управляющий партнёр,+7 495 740 22 77,Никольская Консалтинг,"Увидели на сайте, что вы консультировали Inchcape PLC по продаже российских активов текущему менеджменту и закрыли сделку в кратчайшие сроки.","Предполагаем, что клиенты идут по рекомендациям и из рейтингов, а напрямую собственникам никто не пишет.",в,B,услуги для бизнеса,B,1,B,Юридические услуги,Москва,МСК,именной (у ЛПР),Алексей Рудяк
boriskova@etalon-cons.ru,Ольга Викторовна,Борискова,руководитель отдела развития,+7 (495) 509-41-19,ЭТАЛОН,"Увидели на сайте, что вы получаете половину клиентов по рекомендациям и ведёте на сопровождении более 100 фирм.","Предполагаем, что вторую половину клиентов приходится искать самим, а напрямую компаниям никто не пишет.",в,B,услуги для бизнеса,B,2,B,Юридические услуги,Москва,МСК,именной (у ЛПР),Ольга Викторовна Борискова
maria.romancheva@kachkin.ru,Мария,Романчева,директор по развитию,+7 812 602 0225,Качкин и Партнеры,"Увидели на сайте, что вы назначили на 6 октября 2026 совместный с юридической группой «Ком-Юнити» вебинар «Личные фонды: два года практики».","Предполагаем, что клиенты идут по рекомендациям и из рейтингов, а напрямую собственникам никто не пишет.",в,A,услуги для бизнеса,B,1,B,Юридические услуги,Санкт-Петербург,МСК,именной (у ЛПР),Мария Романчева
a.zholobova@regionservice.com,Анна,Жолобова,управляющий партнер,+7 (495) 260-06-50,Регионсервис,"Увидели на сайте, что вы 24 сентября 2026 как правовой партнёр премии CRE Federal Awards вручили награды AZIMUT Hotels и ГК DOGMA в номинациях «Девелопер года».","Предполагаем, что клиенты идут по рекомендациям и из рейтингов, а напрямую собственникам никто не пишет.",в,A,услуги для бизнеса,B,2,B,Юридические услуги,Москва,МСК,именной (у ЛПР),Анна Жолобова
trukhanov@trubor.ru,Кирилл,Труханов,управляющий партнер,+7 495 120-55-84,Трубор,"Увидели, что в июне 2026 года вы стали партнёром саммита Сообщества Маркет Аксесс в Москве и выступили там с презентацией о стратегиях защиты интересов в торгах.","Предполагаем, что клиенты идут по рекомендациям и из рейтингов, а напрямую собственникам никто не пишет.",в,B,услуги для бизнеса,B,1,B,Юридические услуги,Москва,МСК,именной (у ЛПР),Кирилл Труханов
ov.mityanina@vneshaudit.ru,Ольга Вячеславовна,Митянина,генеральный директор,+7 (495) 967 0495,Внешаудит,"Увидели на сайте, что вам доверяют более 270 компаний, а аудиторские и консультационные проекты вы ведёте уже 30 лет.","Предполагаем, что заказчики идут по рекомендациям и с тендеров, а напрямую нужным компаниям никто не пишет.",в,A,услуги для бизнеса,B,2,B,Аудит и консалтинг,Москва,МСК,именной (у ЛПР),Ольга Вячеславовна Митянина
kolokolnikov@rrg.ru,Денис,Колокольников,генеральный директор,+7 (495) 981-00-12,RRG,"Увидели, что в июле 2026 вы выступили консультантом по подбору оператора и сопровождению сделки: в бизнес-центре Level work Воронцовская откроется клуб City Squash.","Предполагаем, что заказчики идут по рекомендациям и с тендеров, а напрямую нужным компаниям никто не пишет.",в,A,услуги для бизнеса,B,1,B,Аудит и консалтинг,Москва,МСК,именной (у ЛПР),Денис Колокольников
anna.slobodenuk@fcrc.ru,Анна,Слободенюк,руководитель отдела продаж,+7 (495) 374-00-19,ПКРК,"Увидели на сайте, что в 2026 году вы стали членом Торгово-промышленной палаты, а положительных регистраций медицинских изделий у вас 97,8%.","Предполагаем, что заказчики идут по рекомендациям и с тендеров, а напрямую нужным компаниям никто не пишет.",в,B,услуги для бизнеса,B,2,B,Аудит и консалтинг,Москва,МСК,именной (у ЛПР),Анна Слободенюк
ms@midlandhunt.com,Марина,Степанова,управляющий директор,+7 (495) 620 97 80,MidlandHunt,"Увидели, что в октябре 2025 вы запустили проектный офис организационных решений — новый продукт MidlandHunt по итогам исследования с участием более чем 100 компаний.","Предполагаем, что заказы дают знакомые HR-директора, а новым компаниям напрямую никто не пишет.",в,A,услуги для бизнеса,C,1,B,Подбор руководителей,Москва,МСК,именной (у ЛПР),Марина Степанова
dt@propersonnel.ru,Татьяна,Долякова,основатель,,ProPersonnel,"Увидели на сайте, что вы выступили на конференции ВЕДОМОСТИ «Индустриальная недвижимость» с аналитикой рынка труда — запись от 30 сентября 2026.","Предполагаем, что заказы дают знакомые HR-директора, а новым компаниям напрямую никто не пишет.",в,B,услуги для бизнеса,C,2,B,Подбор руководителей,Москва,МСК,именной (у ЛПР),Татьяна Долякова
Morsina@regroups.ru,Оксана,Морсина,управляющий партнер,+7 (495) 665-02-10,Regroup,"Увидели, что на ПМЭФ 3 июня 2026 вы выступили на площадке «Территория инноваций» с результатами исследования «Кто будет управлять бизнесом в России в 2030 году».","Предполагаем, что заказы дают знакомые HR-директора, а новым компаниям напрямую никто не пишет.",в,B,услуги для бизнеса,C,1,B,Подбор руководителей,Москва,МСК,именной (у ЛПР),Оксана Морсина
nigmatullin@eitek.ru,Виль Ришатович,Нигматуллин,генеральный директор,+7 (495) 926-10-80,ЭИТЭК,"Увидели, что 9 сентября 2026 на конференции «Нефтегазопереработка-2026» вас наградили как лучшую компанию в группе «Инжиниринговые компании» по рейтингу агентства «ТЭК-Рейтинг».","Предполагаем, что заказы идут с тендеров и по рекомендациям, а напрямую предприятиям никто не пишет.",в,A,промышленность,C,2,B,Инжиниринг и промбезопасность,Москва,МСК,именной (у ЛПР),Виль Ришатович Нигматуллин
v.volegov@alfamatic.ru,Владимир Сергеевич,Волегов,коммерческий директор,+7 (383) 230-05-40,АЛЬФА ИНЖИНИРИНГ,"Увидели на сайте, что вы с 2022 года официальный представитель Newamstar в РФ и держите свой сервисный центр, чтобы клиентам не ждать специалиста из Китая.","Предполагаем, что заказы идут с тендеров и по рекомендациям, а напрямую предприятиям никто не пишет.",в,B,промышленность,C,1,B,Инжиниринг и промбезопасность,Новосибирск,МСК+4,именной (у ЛПР),Владимир Сергеевич Волегов
av@ucstroitel.ru,Андрей Валерьевич,Прикмета,генеральный директор,+7 (343) 344-63-36,УЭЦ Строитель,"Увидели, что 28 августа 2026 вы провели в Екатеринбурге бесплатный семинар об изменениях в Правилах обучения № 2464 и собрали более 150 специалистов и директоров предприятий.","Предполагаем, что заказы идут с тендеров и по рекомендациям, а напрямую предприятиям никто не пишет.",в,B,промышленность,C,2,B,Инжиниринг и промбезопасность,Екатеринбург,МСК+2,именной (у ЛПР),Андрей Валерьевич Прикмета
mariya@labrf.ru,Мария Михайловна,Манойлова,директор,+7 (347) 262-70-06 (доб. 110),Лаборатория промышленной безопасности,"Увидели на сайте, что 70% клиентов приходят к вам по рекомендации, а экспертиз промышленной безопасности вы провели более 4000.","Предполагаем, что остальных клиентов приходится искать самим, а напрямую предприятиям никто не пишет.",в,A,промышленность,C,1,B,Инжиниринг и промбезопасность,Уфа,МСК+2,именной (у ЛПР),Мария Михайловна Манойлова
dar@apdar.ru,Дмитрий,Рождественский,директор,8 (3822) 53-39-45,Автоматизация Производств,"Увидели, что в августе 2026 ваш коммерческий отдел заключил договоры с «Газпром трансгаз Томск» на поставку метрологического оборудования и с «Газпром комплектация» на шкаф телемеханики.","Предполагаем, что заказы идут с тендеров и по рекомендациям, а напрямую предприятиям никто не пишет.",в,A,промышленность,C,2,B,Инжиниринг и промбезопасность,Томск,МСК+4,именной (у ЛПР),Дмитрий Рождественский
svv@eds-ekb.ru,Владимир Викторович,Шенявский,генеральный директор,8 (343) 286-25-03,ЭДС,"Увидели на сайте, что в декабре 2025 вы реконструировали главный распределительный щит Театра Музыкальной комедии в Екатеринбурге.","Предполагаем, что заказы идут с тендеров и по рекомендациям, а напрямую предприятиям никто не пишет.",в,B,промышленность,C,1,B,Инжиниринг и промбезопасность,Екатеринбург,МСК+2,именной (у ЛПР),Владимир Викторович Шенявский
tatyana.alekseeva@gcvep.ru,Татьяна,Алексеева,директор по маркетингу,+7 (846) 267-31-53,Волгаэнергопром,"Увидели, что вы с 30 сентября по 2 октября 2026 показывали на «ИННОПРОМ. Беларусь» в Минске робототехнический комплекс Тесвел на базе коллаборативного робота DOBOT CR10.","Предполагаем, что между выставками поток запросов проседает, а сделки длинные и зависят от числа начатых разговоров.",в,B,промышленность,C,2,B,Промоборудование,Самара,МСК+1,именной (у ЛПР),Татьяна Алексеева
loskutnikov@chelzeo.ru,Владимир,Лоскутников,коммерческий директор,8 800 444 65 94,ЧЗЭО,"Увидели, что 30 сентября 2026 вы рассказали о реконструкции подстанции для одного из ведущих приборостроительных предприятий России: монтаж и пусконаладку провели за два рабочих дня.","Предполагаем, что сделки длинные и зависят от числа начатых разговоров, а новых заказчиков системно не ищут.",в,B,промышленность,C,1,B,Промоборудование,Челябинск,МСК+2,именной (у ЛПР),Владимир Лоскутников
d.maksimov@zif.su,Дмитрий Юрьевич,Максимов,коммерческий директор,8 800 200 28 43 (доб. 204),АРСМАШ,"Увидели на сайте, что вы единственный в России завод, серийно выпускающий компрессорные блоки, а под маркой ЗИФ с 1931 года произведено более 100 000 компрессоров.","Предполагаем, что сделки длинные и зависят от числа начатых разговоров, а новых заказчиков системно не ищут.",в,A,промышленность,C,2,B,Промоборудование,Санкт-Петербург,МСК,именной (у ЛПР),Дмитрий Юрьевич Максимов
korneev@compressor-zavod.ru,Андрей Викторович,Корнеев,коммерческий директор,8 800 551-20-16,Компрессорный завод,"Увидели на сайте, что спрос на вашу продукцию есть не только в России, но и в шестидесяти других странах, а история завода насчитывает более шестидесяти лет.","Предполагаем, что сделки длинные и зависят от числа начатых разговоров, а новых заказчиков системно не ищут.",в,B,промышленность,C,1,B,Промоборудование,Краснодар,МСК,именной (у ЛПР),Андрей Викторович Корнеев
dranichnikovav@zavodmdu.ru,Алексей Владимирович,Драничников,коммерческий директор,+7 (3843) 991-993,Завод МДУ,"Увидели на сайте, что в 2025 году вы запустили специализированный участок по ремонту тяжёлого оборудования — насосов, вентиляторов, компрессоров и двигателей.","Предполагаем, что сделки длинные и зависят от числа начатых разговоров, а новых заказчиков системно не ищут.",в,A,промышленность,C,2,B,Промоборудование,Новокузнецк,МСК+4,именной (у ЛПР),Алексей Владимирович Драничников
nikolaev_ov@manotom.com,Олег Владиславович,Николаев,начальник отдела продаж,8 (3822) 288-899 (доб. 482),Манотомь,"Увидели, что 26 ноября 2025 вы участвовали в форум-выставке «Выбирай своё. Сделано в Томской области», где местные производители устанавливали деловые контакты и показывали продукцию.","Предполагаем, что сделки длинные и зависят от числа начатых разговоров, а новых заказчиков системно не ищут.",в,A,промышленность,C,1,B,Промоборудование,Томск,МСК+4,именной (у ЛПР),Олег Владиславович Николаев
erman@kb-agava.ru,Георгий Зиновьевич,Эрман,генеральный директор,+7 (343) 382-01-92,КБ АГАВА,"Увидели, что 23 сентября 2026 вы представили две новые модели частотных преобразователей ERMANGIZER для насосов — ERG-220-05R и ERG-220-06.","Предполагаем, что сделки длинные и зависят от числа начатых разговоров, а новых заказчиков системно не ищут.",в,A,промышленность,C,2,B,Промоборудование,Екатеринбург,МСК+2,именной (у ЛПР),Георгий Зиновьевич Эрман
zaa@elprovod.ru,Алексей Алексеевич,Жаров,руководитель отдела продаж,8 (495) 542-59-91,Электропровод,"Увидели на сайте, что в 2025 году вы получили сертификат NDK и вошли в реестр одобренных поставщиков для атомных объектов Турции — шаг в развитии экспортного направления.","Предполагаем, что сделки длинные и зависят от числа начатых разговоров, а новых заказчиков системно не ищут.",в,B,промышленность,C,1,B,Промоборудование,Подольск,МСК,именной (у ЛПР),Алексей Алексеевич Жаров
nedviga_ua@penzmash.ru,Юлия Анатольевна,Недвига,начальник отдела маркетинга,8 (8412) 36-96-21,Пензмаш,"Увидели, что к выставке «АГРОСАЛОН» 6–9 октября 2026 вы подготовили новинку — 10-метровую очёсывающую жатку «ОЗОН».","Предполагаем, что между выставками поток запросов проседает, а сделки длинные и зависят от числа начатых разговоров.",в,A,промышленность,C,2,B,Промоборудование,Пенза,МСК,именной (у ЛПР),Юлия Анатольевна Недвига
dp@utz-arm.ru,Дмитрий Вячеславович,Пономарев,коммерческий директор,8 (800) 250-06-45,УТЗ,"Увидели на сайте, что магистральную арматуру Ду400-1200 вы всегда держите в наличии, а любые задвижки поставляете под заказ со сроком от 30 рабочих дней.","Предполагаем, что сделки длинные и зависят от числа начатых разговоров, а новых заказчиков системно не ищут.",в,A,промышленность,C,1,B,Промоборудование,Екатеринбург,МСК+2,именной (у ЛПР),Дмитрий Вячеславович Пономарев
yam@snol-term.ru,Артем Михайлович,Ядров,коммерческий директор,+7 (4822) 399-579,СНОЛ-ТЕРМ,"Увидели на сайте, что вы 26 лет поставляете печи и шкафы SNOL и в июле 2026 отметили рост запросов на ремонт оборудования возрастом от 10 до 20 лет.","Предполагаем, что сделки длинные и зависят от числа начатых разговоров, а новых заказчиков системно не ищут.",в,B,промышленность,C,2,B,Промоборудование,Тверь,МСК,именной (у ЛПР),Артем Михайлович Ядров
da@ks19.ru,Дмитрий Олегович,Акименко,коммерческий директор,+7 (495) 798-29-98,КомплектСнаб,"Увидели на сайте, что в ноябре 2025 вы приглашали на свой стенд на 28-й Международной выставке «ХИМИЯ-2025» в Москве.","Предполагаем, что сделки длинные и зависят от числа начатых разговоров, а новых заказчиков системно не ищут.",в,победитель A/B,промышленность,D,1,B,Промоборудование,Клин,МСК,именной (у ЛПР),Дмитрий Олегович Акименко
A.Petrovskiy@siplus.ru,Александр,Петровский,руководитель отдела продаж,+7 (495) 789-36-64 (доб. 1),Сигм плюс инжиниринг,"Увидели на сайте, что в декабре 2025 вы добавили в портфолио портативные ламинарные расходомеры YIDU серии T.","Предполагаем, что сделки длинные и зависят от числа начатых разговоров, а новых заказчиков системно не ищут.",в,победитель A/B,промышленность,D,2,B,Промоборудование,Москва,МСК,именной (у ЛПР),Александр Петровский
lukin@mmp-irbis.ru,Анатолий Владимирович,Лукин,генеральный директор,+7 (495) 927-10-16,ММП-Ирбис,"Увидели на сайте, что в ноябре 2025 вы представили новые модули питания AC/DC серии АДС на DIN-рейку в узком корпусе 30 мм и с трёхлетней гарантией.","Предполагаем, что сделки длинные и зависят от числа начатых разговоров, а новых заказчиков системно не ищут.",в,победитель A/B,промышленность,D,1,B,Промоборудование,Москва,МСК,именной (у ЛПР),Анатолий Владимирович Лукин
ponomarev@f-elres.ru,Дмитрий,Пономарев,руководитель отдела,+7 812 241-14-51,Бранум,"Увидели на сайте, что вы поставили светотехническое оборудование для комплекса по переработке этансодержащего газа и производству СПГ в Усть-Луге.","Предполагаем, что продажи держатся на постоянных клиентах, а искать новых снабженцев заводов менеджерам некогда.",в,победитель A/B,промышленность,D,2,B,Промдистрибуция,Санкт-Петербург,МСК,именной (у ЛПР),Дмитрий Пономарев
yan.boksiner@elmatec.ru,Ян,Боксинер,генеральный директор,+7 (499) 707-7071 (доб. 101),ЭЛМАТЕК,"Увидели, что вы приглашаете партнёров на свой стенд B125 на Международном форуме «Электрические сети» 17–19 ноября в ВК «Тимирязев Центр».","Предполагаем, что продажи держатся на постоянных клиентах, а искать новых снабженцев заводов менеджерам некогда.",в,победитель A/B,промышленность,D,1,B,Промдистрибуция,Москва,МСК,именной (у ЛПР),Ян Боксинер
andrey.moraru@simbio.ru,Андрей Семенович,Морару,коммерческий директор,+7 (495) 984-53-11,СИМБИО,"Увидели, что в августе 2026 у вас в СИМБИО-Клубе появилась новинка бренда «Территория» — стартер для щенков с индейкой и морошкой.","Предполагаем, что продажи держатся на постоянной базе, а искать новые компании менеджерам некогда.",в,победитель A/B,промышленность,D,2,B,Оптовая дистрибуция,Москва,МСК,именной (у ЛПР),Андрей Семенович Морару
titkova@tokomelit.ru,Мария,Титкова,директор по продажам,+7 (499) 270-01-28,Током-Элит,"Увидели, что 9–10 сентября 2026 вы провели на Алтае семинар-практикум по производству молочных продуктов с ингредиентами вашей новой линейки Lactoferm Premium.","Предполагаем, что продажи держатся на постоянной базе, а искать новые компании менеджерам некогда.",в,победитель A/B,промышленность,D,1,B,Оптовая дистрибуция,Москва,МСК,именной (у ЛПР),Мария Титкова
m.muradyan@bmc-food.ru,Мэлине,Мурадян,руководитель отдела продаж,+7 (495) 748-03-62,BMC-Food,"Увидели на сайте, что для отделов закупок вы сделали отдельную страницу: прямые договоры с производителями в Китае, фиксированные цены и образцы до закупки партии.","Предполагаем, что продажи держатся на постоянной базе, а искать новые компании менеджерам некогда.",в,победитель A/B,промышленность,D,2,B,Оптовая дистрибуция,Москва,МСК,именной (у ЛПР),Мэлине Мурадян
k.smolin@technopack.spb.ru,Константин Викторович,Смолин,коммерческий директор,+7 (812) 318-38-90 (доб. 203),Технопак-Флекс,"Увидели на сайте, что вы выпускаете барьерные плёнки на двух производственных площадках, а среди партнёров называете десятки крупнейших производителей мясной, рыбной и молочной продукции.","Предполагаем, что отдел продаж занят входящими заявками, а новых производственных покупателей системно никто не ищет.",в,победитель A/B,промышленность,D,1,B,Упаковка,Санкт-Петербург,МСК,именной (у ЛПР),Константин Викторович Смолин
alexander.bodrov@packovalli.ru,Александр,Бодров,руководитель отдела продаж,+7 (495) 150-89-50 (доб. 120),Packovalli,"Увидели на сайте, что вы отгружаете со склада от одной коробки, а бесплатные образцы отправляете в срок от одного дня.","Предполагаем, что отдел продаж занят входящими заявками, а новых производственных покупателей системно никто не ищет.",в,победитель A/B,промышленность,D,2,B,Упаковка,Москва,МСК,именной (у ЛПР),Александр Бодров
miller@enix.ru,Николай,Миллер,директор по продажам,+7 (495) 155-68-45,Еникс,"Увидели на сайте, что вы поставляли материалы для строительства АЭС «Аккую» в Турции и «Кунданкулам» в Индии, а среди клиентов называете «Мангазею» и Renaissance Heavy Industries.","Предполагаем, что продажи идут через дилеров и постоянную базу, а новым подрядчикам никто не пишет.",в,победитель A/B,промышленность,D,1,B,Стройматериалы,Наро-Фоминск,МСК,именной (у ЛПР),Николай Миллер
kovalevOV@kvil.ru,Олег Владимирович,Ковалев,директор по развитию,+7 (4722) 400-049 (доб. 225),Краски КВИЛ,"Увидели, что в июле 2026 вы начали отгрузки с новой площадки в промпарке «Сенькино» в Новой Москве, где колеруете всю линейку КВИЛ.","Предполагаем, что продажи идут через дилеров и постоянную базу, а новым подрядчикам никто не пишет.",в,победитель A/B,промышленность,D,2,B,Стройматериалы,Белгород,МСК,именной (у ЛПР),Олег Владимирович Ковалев
lkf@severest.ru,Константин Федорович,Лапшов,руководитель отдела продаж,8-800-775-33-00,УралСпецТранс,"Увидели, что после приостановки субсидии МПТ с 1 октября 2026 вы предлагаете свою субсидию производителя — 220 000 рублей на всю прицепную технику до конца года.","Предполагаем, что покупатели идут с площадок объявлений, а автопаркам и перевозчикам напрямую никто не пишет.",в,победитель A/B,промышленность,D,1,B,Коммерческая техника,Миасс,МСК+2,именной (у ЛПР),Константин Федорович Лапшов
a.shumilkov@gruz-pricepy.ru,Алексей,Шумилков,коммерческий директор,8-800-302-9003,Грузовые Прицепы,"Увидели, что в мае 2026 вы побывали на COMvex и отметили, что на выставке стало меньше пафоса и больше фокуса на прямые контакты.","Предполагаем, что покупатели идут с площадок объявлений, а автопаркам и перевозчикам напрямую никто не пишет.",в,победитель A/B,промышленность,D,2,B,Коммерческая техника,Нижний Новгород,МСК,именной (у ЛПР),Алексей Шумилков
anna@onsklad.ru,Анна,Магрицкая,коммерческий директор,8 (495) 128-93-91,Логистик Пак,"Увидели на сайте, что вы предлагаете франшизу Logipak group: формат «под ключ» для инвесторов и «мягкий франчайзинг» для владельцев складов от 5 тыс. м².","Предполагаем, что перед высоким сезоном нужны новые интернет-магазины, а менеджеры заняты текущими клиентами.",в,победитель A/B,услуги для бизнеса,D,1,B,Логистика,Москва,МСК,именной (у ЛПР),Анна Магрицкая
pokladov@ooo-polytec.ru,Александр,Покладов,коммерческий директор,+7 (936) 666-86-93,Политэк,"Увидели на сайте, что у вас собственный канал сборных грузов из Китая через Пограничный с еженедельной отправкой своих машин и свои сотрудники в КНР.","Предполагаем, что грузы дают постоянные клиенты, а новым импортёрам и экспортёрам напрямую никто не пишет.",в,победитель A/B,услуги для бизнеса,D,2,B,Логистика ВЭД,Москва,МСК,именной (у ЛПР),Александр Покладов
alexeysh.svx@cargomodul.ru,Алексей Михайлович,Шамхан,коммерческий директор,+7 (343) 287-28-82,КаргоМодуль,"Увидели на сайте, что вы доставили из Тяньцзиня в Челябинск воздухоразделительную установку — семь 40-футовых контейнеров и три трала с негабаритом.","Предполагаем, что грузы дают постоянные клиенты, а новым импортёрам и экспортёрам напрямую никто не пишет.",в,победитель A/B,услуги для бизнеса,D,1,B,Логистика ВЭД,Екатеринбург,МСК+2,именной (у ЛПР),Алексей Михайлович Шамхан
bogdan@unexspb.ru,Богдан,Кудаев,коммерческий директор,+7 (812) 448-50-18,UNEX,"Увидели на сайте, что помимо перевозок вы предлагаете агентские услуги: через вашу турецкую компанию клиенты могут проводить платежи за товары и услуги.","Предполагаем, что грузы дают постоянные клиенты, а новым импортёрам и экспортёрам напрямую никто не пишет.",в,победитель A/B,услуги для бизнеса,D,2,B,Логистика ВЭД,Санкт-Петербург,МСК,именной (у ЛПР),Богдан Кудаев
balueva@fest-k.ru,Екатерина Юрьевна,Балуева,коммерческий директор,+7 (4942) 49-32-06,ФЭСТ,"Увидели, что в июне 2026 вы стали спонсором Спартакиады КОМУС, продолжив многолетнее сотрудничество с одним из ваших крупнейших деловых партнёров.","Предполагаем, что заказы идут с тендеров и через дистрибьюторов, а новым покупателям напрямую никто не пишет.",в,победитель A/B,промышленность,D,1,B,Медицинские изделия,Кострома,МСК,именной (у ЛПР),Екатерина Юрьевна Балуева
regina@medizdelie.ru,Регина,Хабирова,начальник отдела продаж,8 (843) 233-44-00,Медицинские изделия,"Увидели на сайте, что вы звали партнёров на свой стенд №6С085 на международной выставке «Здравоохранение-2025» 8–11 декабря в Крокус Экспо.","Предполагаем, что заказы идут с тендеров и через дистрибьюторов, а новым покупателям напрямую никто не пишет.",в,победитель A/B,промышленность,D,2,B,Медицинские изделия,Казань,МСК,именной (у ЛПР),Регина Хабирова
lebedev@dzmo.ru,Леонид,Лебедев,коммерческий директор,+7 (831) 774-80-30,ДЗМО,"Увидели на сайте, что в марте 2026 вы отгрузили гинекологические кресла КГ-6 в новую клинику сети «Медси».","Предполагаем, что заказы идут с тендеров и через дистрибьюторов, а новым покупателям напрямую никто не пишет.",в,победитель A/B,промышленность,E,1,B,Медицинские изделия,Выкса,МСК,именной (у ЛПР),Леонид Лебедев
nikulina@advamedics.ru,Елена,Никулина,коммерческий директор,+7 (495) 744-34-79 (доб. 107),Адвамедикс,"Увидели, что в апреле 2026 ваша делегация вместе с дистрибьюторами, победившими по итогам прошлого года, побывала на производстве Polymed в Индии.","Предполагаем, что заказы идут с тендеров и через дистрибьюторов, а новым покупателям напрямую никто не пишет.",в,победитель A/B,промышленность,E,2,B,Медицинские изделия,Москва,МСК,именной (у ЛПР),Елена Никулина
n.apollonova@adverti.ru,Наталья,Аполлонова,руководитель отдела продаж,+7 495 739 90 80,Адверти,"Увидели, что 23 сентября вы провели ежегодный Клиентский день Adverti для клиентов и партнёров, оформленный в этом году в стиле «Зазеркалья».","Предполагаем, что заказы приносят постоянные клиенты и поиск, а новым компаниям напрямую никто не пишет.",в,победитель A/B,услуги для бизнеса,E,1,B,Полиграфия и сувениры,Москва,МСК,именной (у ЛПР),Наталья Аполлонова
dima@sunprint.ru,Дмитрий,Кравченко,директор,+7 (495) 741-67-91,Sunprint,"Увидели, что 30 марта 2026 года вы добавили на сайт новый раздел со стаканами для попкорна с логотипом тиражом от 50 штук.","Предполагаем, что заказы приносят постоянные клиенты и поиск, а новым компаниям напрямую никто не пишет.",в,победитель A/B,услуги для бизнеса,E,2,B,Полиграфия и сувениры,Москва,МСК,именной (у ЛПР),Дмитрий Кравченко
ilya@npt.ru,Илья Анварович,Имамназаров,коммерческий директор,+7 (812) 335-18-30,Девиз,"Увидели на сайте, что вы напечатали для «Уралхима» издание «Агрокнига» и в новости от 2 октября 2026 предлагаете такой формат продвижения другим предприятиям.","Предполагаем, что заказы приносят постоянные клиенты и поиск, а новым компаниям напрямую никто не пишет.",в,победитель A/B,услуги для бизнеса,E,1,B,Полиграфия и сувениры,Санкт-Петербург,МСК,именной (у ЛПР),Илья Анварович Имамназаров
ceo@roccs.ru,Дмитрий,Шилин,директор,+7 (383) 247 98 88,ROCCS,"Увидели, что 1 июля 2026 вы объявили о ребрендинге «Элтекс Солюшенс» в ИТЦ РОККС и новом векторе — системной интеграции мультивендорных решений российских производителей.","Предполагаем, что проекты идут от вендора и из рейтингов, а напрямую заказчикам никто не пишет.",в,победитель A/B,IT и интеграторы,E,2,B,Интеграторы и автоматизация,Новосибирск,МСК+4,ящик должности ЛПР,Дмитрий Шилин
ceo@mavlad.ru,Алексей Владимирович,Малофеев,генеральный директор,+7 (4742) 52-23-34,Mavlad,"Увидели, что в мае 2026 вы открыли офис в Москве, в БЦ «Липецк», и теперь можете обсуждать проекты по 1С в столице лично.","Предполагаем, что проекты идут от вендора и из рейтингов, а напрямую заказчикам никто не пишет.",в,победитель A/B,IT и интеграторы,E,1,B,Интеграторы и автоматизация,Липецк,МСК,ящик должности ЛПР,Алексей Владимирович Малофеев
dir@pzpi.ru,Алексей Самойлович,Вижанский,директор,+7 800 234 72 44,ПЗПИ,"Увидели, что 14–17 октября вы везёте на InterCHARM 2026 новинки упаковки для косметики — флаконы, банки, крышки и дозаторы, стенд 15А4.","Предполагаем, что отдел продаж занят входящими заявками, а новых производственных покупателей системно никто не ищет.",в,победитель A/B,промышленность,E,2,B,Упаковка,Воскресенск,МСК,ящик должности ЛПР,Алексей Самойлович Вижанский
direct@aybolit2000.ru,Вячеслав Абрамович,Ильин,директор,8 (831) 417-90-99,ТД Айболит,"Увидели, что в апреле 2026 вы участвовали в выставке «Здравоохранение Урала 2026» со своим стендом.","Предполагаем, что заказы идут с тендеров и через дистрибьюторов, а новым покупателям напрямую никто не пишет.",в,победитель A/B,промышленность,E,1,B,Медицинские изделия,Нижний Новгород,МСК,ящик должности ЛПР,Вячеслав Абрамович Ильин
dir@freshoffice.ru,Игорь,Сугнач,основатель,,FreshOffice,"Увидели, что в сентябре 2026 вы выпустили релиз FreshOffice: AI-агент «Инсайдер», Workflow, MCP и интеграция с Max.","Предполагаем, что на демо записываются те, кто уже ищет решение, а до остальных продажи не дотягиваются.",в,победитель A/B,IT и интеграторы,E,2,C,B2B SaaS,Санкт-Петербург,МСК,ящик должности ЛПР,Игорь Сугнач
askceo@stakhanovets.ru,Дмитрий,Исаев,исполнительный директор,+7 (499) 110-64-10,Стахановец,"Увидели, что 1 июля 2026 вы объявили о получении сертификата ФСТЭК по четвёртому уровню доверия: «Стахановец» теперь можно ставить на объектах КИИ и в государственных информационных системах.","Предполагаем, что на демо записываются те, кто уже ищет решение, а до остальных продажи не дотягиваются.",в,победитель A/B,IT и интеграторы,E,1,C,B2B SaaS,Москва,МСК,ящик должности ЛПР,Дмитрий Исаев
director@techwb.ru,Дмитрий Анатольевич,Приходько,директор,+7 (3854)-30-27-43,Технологии Без Границ,"Увидели на сайте, что вы единственный авторизованный партнёр JNBAN в России и поставляете вакуумные ленточные сушилки напрямую от производителя.","Предполагаем, что заказы идут с тендеров и по рекомендациям, а напрямую предприятиям никто не пишет.",в,победитель A/B,промышленность,E,2,C,Инжиниринг и промбезопасность,Бийск,МСК+4,ящик должности ЛПР,Дмитрий Анатольевич Приходько
117@ncontrol.ru,Анна Александровна,Чебыкина,коммерческий директор,+7 (343) 227-333-7 (доб. 117),Неразрушающий контроль,"Увидели на сайте, что с конца сентября 2026 вы приглашаете на демонстрацию переносного рентгеновского аппарата «ЭТНА-М» в Екатеринбурге или с выездом на объект заказчика.","Предполагаем, что сделки длинные и зависят от числа начатых разговоров, а новых заказчиков системно не ищут.",в,победитель A/B,промышленность,E,1,C,Промоборудование,Екатеринбург,МСК+2,ящик должности ЛПР,Анна Александровна Чебыкина
102@prokompressor.ru,Игорь,Волков,коммерческий директор,8 (800) 551-77-32,Компрессор Центр,"Увидели на сайте, что вам доверили системы сжатого воздуха более 6000 клиентов по России и СНГ и 90% из них обращаются снова.","Предполагаем, что сделки длинные и зависят от числа начатых разговоров, а новых заказчиков системно не ищут.",в,победитель A/B,промышленность,E,2,C,Промоборудование,Барнаул,МСК+4,ящик должности ЛПР,Игорь Волков
kd@10-gpz.ru,Евгений Игоревич,Фоменко,коммерческий директор,+7 (863) 301-55-10 (доб. 770),10-ГПЗ,"Увидели на сайте, что вы работаете с флагманами отечественного автопрома, поставляете подшипники на экспорт и держите складской резерв под крупные оптовые партии.","Предполагаем, что продажи держатся на постоянных клиентах, а искать новых снабженцев заводов менеджерам некогда.",в,победитель A/B,промышленность,E,1,C,Промдистрибуция,Ростов-на-Дону,МСК,ящик должности ЛПР,Евгений Игоревич Фоменко
rop@eastfood.spb.ru,Максим,Васильев,руководитель ОП,+7 (812) 975-05-06,EastFood,"Увидели на сайте, что в 2025 году вы расширили зону доставки до посёлка Териберка и ваш самый дальний маршрут теперь длиннее 1500 км.","Предполагаем, что продажи держатся на постоянной базе, а искать новые компании менеджерам некогда.",в,победитель A/B,промышленность,E,2,C,Оптовая дистрибуция,Санкт-Петербург,МСК,ящик должности ЛПР,Максим Васильев
director@eda-36.ru,Виктор Владимирович,Мешалкин,директор,8 (4732) 090-777,Еда36,"Увидели на сайте, что вы держите для HoReCa постоянный ассортимент свыше 3000 наименований, доставляете в день заказа и работаете по контрактам с госучреждениями.","Предполагаем, что продажи держатся на постоянной базе, а искать новые компании менеджерам некогда.",в,победитель A/B,промышленность,E,1,C,Оптовая дистрибуция,Воронеж,МСК,ящик должности ЛПР,Виктор Владимирович Мешалкин
director@ooo-mim.ru,Татьяна Владимировна,Красуцкая,коммерческий директор,+7 (3452) 59-18-80 (доб. 114),МИМ,"Увидели, что в апреле 2026 вы побывали на выставке медицинского оборудования CMEF в Китае, встретились с давними поставщиками и познакомились с новыми.","Предполагаем, что заказы идут с тендеров и через дистрибьюторов, а новым покупателям напрямую никто не пишет.",в,победитель A/B,промышленность,E,2,C,Медицинские изделия,Тюмень,МСК+2,ящик должности ЛПР,Татьяна Владимировна Красуцкая
sales@hnc.su,,,,,HNC,"Увидели, что преобразователь частоты HV320 вы предлагаете как бесшовную замену западных брендов для сетевых решений.","Предполагаем, что заводы ищут замену западным брендам, но о вас как о поставщике знают не все.",а,вне теста,экспоненты,F,1,,российский дистрибьютор или производитель,,,,
sales@uncomtech.com,,,,,Ункомтех,"Увидели, что в сентябре 2026 вы выставлялись на первом «Иннопроме. Индия» как торговый представитель «Иркутсккабеля» и «Кирскабеля».","Предполагаем, что продажи держатся на постоянных клиентах, а искать новых снабженцев заводов менеджерам некогда.",а,вне теста,экспоненты,F,2,,российский дистрибьютор или производитель,,,,
sales@iskroline.ru,,,,,Искролайн,"Увидели, что в июле 2026 вы добавили позиции для дооснащения спектрометров — «Торнадо-1» и «ДФС-Трио».","Предполагаем, что между выставками поток запросов проседает, а сделки длинные и зависят от числа начатых разговоров.",а,вне теста,экспоненты,F,1,,российский дистрибьютор или производитель,,,,
sales@ezhonggroup.com,,,,,Ezhong,"Увидели, что в мае 2026 вы показывали на «Металлообработке» в Москве гидравлические трёх- и четырёхвалковые листогибочные вальцы и правильные машины.","Предполагаем, что заказчиков в России вам дают в основном выставки, а между ними запросов мало.",а,вне теста,экспоненты,F,2,,китайский производитель-экспонент,,,,
knigi@technosphera.ru,,,,,Техносфера,"Увидели, что 1 октября 2026 вы представили на форуме «Микроэлектроника 2026» новые книги серии «Мир фотоники» — к 20-летию журнала «Фотоника».","Предполагаем, что заказчиков вам дают в основном выставки, а между ними запросов мало.",а,вне теста,экспоненты,F,1,,издательство (ICP: спорно),,,,
sales@howfit-press.com,,,,,Howfit,"Увидели, что ваши скоростные прессы штампуют тонкие пластины роторов и статоров для моторов электромобилей и дронов.","Предполагаем, что заказчиков в России вам дают в основном выставки, а между ними запросов мало.",а,вне теста,экспоненты,F,2,,китайский производитель-экспонент,,,,
