компания,адрес,вариант,вариант_темы,тема,письмо_1,слов
ЗАО «ПО «Муромский завод трубопроводной арматуры» (МЗТА),pupkov@mztpa.ru,в,B,МЗТА: за новых клиентов отвечаете вы?,"Здравствуйте, Александр Сергеевич!

Меня зовут [Имя], я из Polza Agency. Увидели, что в июле 2026 вашу продукцию включили в реестр промышленных товаров ЕАЭС и вы открыты к новым партнёрам и дилерам в странах союза. Предполагаем, что напрямую потенциальным дилерам пока никто не пишет.

Мы берём холодные email-рассылки на себя: собираем и проверяем базу, пишем письмо под каждую компанию, а отделу продаж передаём только ответы заинтересованных.

Подскажите, пожалуйста, привлечение новых клиентов — это вопрос к вам или к кому-то из коллег?

Неактуально — ответьте «нет».

[Имя Фамилия], [должность]
Polza Agency",97
ООО «Челябинский завод «Теплоприбор» (ЧТП),v.doroshko@tpchel.ru,в,B,Теплоприбор: за новых клиентов отвечаете вы?,"Здравствуйте, Владимир Владимирович!

Меня зовут [Имя], я из Polza Agency. Увидели, что в июле 2026 года вы запустили серийное производство датчиков давления в кислородном исполнении. Предполагаем, что сделки длинные и зависят от числа начатых разговоров, а новых заказчиков системно не ищут.

Мы берём холодные email-рассылки на себя: собираем и проверяем базу, пишем письмо под каждую компанию, а отделу продаж передаём только ответы заинтересованных.

Подскажите, пожалуйста, привлечение новых клиентов — это вопрос к вам или к кому-то из коллег?

Неактуально — ответьте «нет».

[Имя Фамилия], [должность]
Polza Agency",95
ООО «ТЕРМОТРОНИК»,stolyarov@termotronic.ru,в,B,ТЕРМОТРОНИК: за новых клиентов отвечаете вы?,"Здравствуйте, Андрей Николаевич!

Меня зовут [Имя], я из Polza Agency. Увидели, что на «АГРОПРОДМАШ-2026» (28 сентября — 1 октября) вы приглашали на свой стенд смотреть в работе оборудование для учёта расхода на пищевых производствах. Предполагаем, что между выставками поток запросов проседает, а сделки длинные и зависят от числа начатых разговоров.

Мы берём холодные email-рассылки на себя: собираем и проверяем базу, пишем письмо под каждую компанию, а отделу продаж передаём только ответы заинтересованных.

Подскажите, пожалуйста, привлечение новых клиентов — это вопрос к вам или к кому-то из коллег?

Неактуально — ответьте «нет».

[Имя Фамилия], [должность]
Polza Agency",110
ООО «Канмаш ДСО» (Канашский машиностроительный завод),mfv@kanmash.ru,в,A,Канмаш: вопрос о новых клиентах,"Здравствуйте, Федор Валерьевич!

Меня зовут [Имя], я из Polza Agency. Увидели, что на Mining & Metals Central Asia 2026 в Алматы 16–18 сентября вы провели серию встреч с горнодобывающими предприятиями и получили предварительные запросы на поставку оборудования. Предполагаем, что между выставками поток запросов проседает, а сделки длинные и зависят от числа начатых разговоров.

Мы берём холодные email-рассылки на себя: собираем и проверяем базу, пишем письмо под каждую компанию, а отделу продаж передаём только ответы заинтересованных.

Подскажите, пожалуйста, привлечение новых клиентов — это вопрос к вам или к кому-то из коллег?

Неактуально — ответьте «нет».

[Имя Фамилия], [должность]
Polza Agency",106
ООО «ЭКРОСХИМ» (ГК «ЭКРОС»),pashnin@ecohim.ru,в,B,ЭКРОСХИМ: за новых клиентов отвечаете вы?,"Здравствуйте, Денис Аркадьевич!

Меня зовут [Имя], я из Polza Agency. Увидели, что вы приглашаете на свой стенд на выставке «Pharmtech & Ingredients 2026» в МВЦ «Крокус Экспо» с 24 по 27 ноября. Предполагаем, что между выставками поток запросов проседает, а сделки длинные и зависят от числа начатых разговоров.

Мы берём холодные email-рассылки на себя: собираем и проверяем базу, пишем письмо под каждую компанию, а отделу продаж передаём только ответы заинтересованных.

Подскажите, пожалуйста, привлечение новых клиентов — это вопрос к вам или к кому-то из коллег?

Неактуально — ответьте «нет».

[Имя Фамилия], [должность]
Polza Agency",103
ООО «БЗПА»,kalugina.v@bzpa.ru,в,A,БЗПА: вопрос о новых клиентах,"Здравствуйте, Вера Сергеевна!

Меня зовут [Имя], я из Polza Agency. Увидели, что 4–7 июня 2026 на форуме «Уголь России и Майнинг» в Новокузнецке вы провели серию встреч с промышленными предприятиями Кузбасса и Западной Сибири. Предполагаем, что между выставками поток запросов проседает, а сделки длинные и зависят от числа начатых разговоров.

Мы берём холодные email-рассылки на себя: собираем и проверяем базу, пишем письмо под каждую компанию, а отделу продаж передаём только ответы заинтересованных.

Подскажите, пожалуйста, привлечение новых клиентов — это вопрос к вам или к кому-то из коллег?

Неактуально — ответьте «нет».

[Имя Фамилия], [должность]
Polza Agency",104
НПФ «ТехноТранс» (ООО НПФ «Технотранс»),dedov@tt45.ru,в,A,ТехноТранс: вопрос о новых клиентах,"Здравствуйте, Андрей Михайлович!

Меня зовут [Имя], я из Polza Agency. Увидели, что в июле 2026 вы запустили практические инструктажи для операторов и механиков спецтехники — 17 программ, с выездом на площадку заказчика. Предполагаем, что покупатели идут с площадок объявлений, а автопаркам и перевозчикам напрямую никто не пишет.

Мы берём холодные email-рассылки на себя: собираем и проверяем базу, пишем письмо под каждую компанию, а отделу продаж передаём только ответы заинтересованных.

Подскажите, пожалуйста, привлечение новых клиентов — это вопрос к вам или к кому-то из коллег?

Неактуально — ответьте «нет».

[Имя Фамилия], [должность]
Polza Agency",104
RFL (reFresh Logic),mullayarova@fresh-logic.ru,в,B,RFL: за новых клиентов отвечаете вы?,"Здравствуйте, Ольга!

Меня зовут [Имя], я из Polza Agency. Увидели, что на CeMAT RUSSIA вы объявили о партнёрстве с «Велостраной» и подписали договор о складском обслуживании на 2027 год. Предполагаем, что перед высоким сезоном нужны новые интернет-магазины, а менеджеры заняты текущими клиентами.

Мы берём холодные email-рассылки на себя: собираем и проверяем базу, пишем письмо под каждую компанию, а отделу продаж передаём только ответы заинтересованных.

Подскажите, пожалуйста, привлечение новых клиентов — это вопрос к вам или к кому-то из коллег?

Неактуально — ответьте «нет».

[Имя Фамилия], [должность]
Polza Agency",96
Optimalog (ООО «Оптима лог»),m.zimnenko@optimalog.ru,в,A,Optimalog: вопрос о новых клиентах,"Здравствуйте, Михаил!

Меня зовут [Имя], я из Polza Agency. Увидели на сайте, что вы ищете менеджера по продажам B2B: в задачах активная исходящая работа с лидами и переговоры на уровне ЛПР. Предполагаем, что новому сотруднику сразу понадобятся встречи.

Мы берём холодные email-рассылки на себя: собираем и проверяем базу, пишем письмо под каждую компанию, а отделу продаж передаём только ответы заинтересованных.

Подскажите, пожалуйста, привлечение новых клиентов — это вопрос к вам или к кому-то из коллег?

Неактуально — ответьте «нет».

[Имя Фамилия], [должность]
Polza Agency",94
ООО «МДМпринт»,an@mdmprint.ru,в,B,МДМпринт: за новых клиентов отвечаете вы?,"Здравствуйте, Андрей!

Меня зовут [Имя], я из Polza Agency. Увидели на сайте, что в августе 2026 вы анонсировали свой стенд F21 на выставке IPSA 2026 в Крокус Экспо с сотнями образцов полиграфии и брендированной продукции. Предполагаем, что заказы приносят постоянные клиенты и поиск, а новым компаниям напрямую никто не пишет.

Мы берём холодные email-рассылки на себя: собираем и проверяем базу, пишем письмо под каждую компанию, а отделу продаж передаём только ответы заинтересованных.

Подскажите, пожалуйста, привлечение новых клиентов — это вопрос к вам или к кому-то из коллег?

Неактуально — ответьте «нет».

[Имя Фамилия], [должность]
Polza Agency",104
ООО «Ижевский кузнечно-механический завод» (ИКМЗ),komdir@ikmz.ru,в,A,ИКМЗ: вопрос о новых клиентах,"Здравствуйте, Олег Иванович!

Меня зовут [Имя], я из Polza Agency. Увидели на сайте, что вы ищете менеджера по продажам — общаться с заказчиками и заключать договоры на продукцию завода. Предполагаем, что новому сотруднику сразу понадобятся встречи.

Мы берём холодные email-рассылки на себя: собираем и проверяем базу, пишем письмо под каждую компанию, а отделу продаж передаём только ответы заинтересованных.

Подскажите, пожалуйста, привлечение новых клиентов — это вопрос к вам или к кому-то из коллег?

Неактуально — ответьте «нет».

[Имя Фамилия], [должность]
Polza Agency",89
СОЛВО (ООО «СОЛВО»),om@solvo.ru,в,B,СОЛВО: за новых клиентов отвечаете вы?,"Здравствуйте, Мария!

Меня зовут [Имя], я из Polza Agency. Увидели, что 16 сентября 2026 на выставке CeMAT RUSSIA вы провели свою кейс-сессию о роботизации складов, маркировке и интеллектуальном управлении процессами. Предполагаем, что на демо записываются те, кто уже ищет решение, а до остальных продажи не дотягиваются.

Мы берём холодные email-рассылки на себя: собираем и проверяем базу, пишем письмо под каждую компанию, а отделу продаж передаём только ответы заинтересованных.

Подскажите, пожалуйста, привлечение новых клиентов — это вопрос к вам или к кому-то из коллег?

Неактуально — ответьте «нет».

[Имя Фамилия], [должность]
Polza Agency",100
TEAMLY,v.manerov@teamly.ru,в,A,TEAMLY: вопрос о новых клиентах,"Здравствуйте, Владимир!

Меня зовут [Имя], я из Polza Agency. Увидели на сайте, что 24 сентября 2026 вы провели бесплатный вебинар о подготовке бизнеса к внедрению корпоративного ИИ и агентов. Предполагаем, что на демо записываются те, кто уже ищет решение, а до остальных продажи не дотягиваются.

Мы берём холодные email-рассылки на себя: собираем и проверяем базу, пишем письмо под каждую компанию, а отделу продаж передаём только ответы заинтересованных.

Подскажите, пожалуйста, привлечение новых клиентов — это вопрос к вам или к кому-то из коллег?

Неактуально — ответьте «нет».

[Имя Фамилия], [должность]
Polza Agency",98
Интегрус (ООО «Интегрус»),p.dzyuba@integrus.ru,в,B,Интегрус: за новых клиентов отвечаете вы?,"Здравствуйте, Пётр!

Меня зовут [Имя], я из Polza Agency. Увидели на сайте, что вы создали и внедрили для «Присмианрус», производителя кабельной продукции, блок адресного хранения на складе и выпуска продукции на основе штрих-кодирования. Предполагаем, что проекты идут от вендора и из рейтингов, а напрямую заказчикам никто не пишет.

Мы берём холодные email-рассылки на себя: собираем и проверяем базу, пишем письмо под каждую компанию, а отделу продаж передаём только ответы заинтересованных.

Подскажите, пожалуйста, привлечение новых клиентов — это вопрос к вам или к кому-то из коллег?

Неактуально — ответьте «нет».

[Имя Фамилия], [должность]
Polza Agency",104
Интелком (ООО «Интелком»),paltsev@rosintelcom.ru,в,A,Интелком: вопрос о новых клиентах,"Здравствуйте, Михаил Витальевич!

Меня зовут [Имя], я из Polza Agency. Увидели на сайте, что вы с 2009 года работаете на рынке информационной безопасности, а доверяют вам правительства Московской, Тульской и Брянской областей. Предполагаем, что проекты идут от вендора и из рейтингов, а напрямую заказчикам никто не пишет.

Мы берём холодные email-рассылки на себя: собираем и проверяем базу, пишем письмо под каждую компанию, а отделу продаж передаём только ответы заинтересованных.

Подскажите, пожалуйста, привлечение новых клиентов — это вопрос к вам или к кому-то из коллег?

Неактуально — ответьте «нет».

[Имя Фамилия], [должность]
Polza Agency",101
Дженерал Смета (ООО «Дженерал Смета»),pavlov@gensmeta.ru,в,A,Дженерал Смета: вопрос о новых клиентах,"Здравствуйте, Леонид Викторович!

Меня зовут [Имя], я из Polza Agency. Увидели на сайте, что вы 29 сентября 2026 предложили клиентам заказать дополнение №83 для ТСН-2001 ГАУ «Мосгосэкспертиза» к программе Smeta.RU. Предполагаем, что проекты идут от вендора и из рейтингов, а напрямую заказчикам никто не пишет.

Мы берём холодные email-рассылки на себя: собираем и проверяем базу, пишем письмо под каждую компанию, а отделу продаж передаём только ответы заинтересованных.

Подскажите, пожалуйста, привлечение новых клиентов — это вопрос к вам или к кому-то из коллег?

Неактуально — ответьте «нет».

[Имя Фамилия], [должность]
Polza Agency",99
Сикрет Технолоджис (ООО «Сикрет Технолоджис»),bondarenko@secretgroup.ru,в,B,Сикрет Технолоджис: за новых клиентов отвечаете вы?,"Здравствуйте, Леонид Григорьевич!

Меня зовут [Имя], я из Polza Agency. Увидели, что в июле 2026 вы вместе с F6 интегрировали Secret Cloud Enterprise с её «песочницей», чтобы автоматически блокировать скрытое вредоносное ПО при обмене документами. Предполагаем, что проекты идут от вендора и из рейтингов, а напрямую заказчикам никто не пишет.

Мы берём холодные email-рассылки на себя: собираем и проверяем базу, пишем письмо под каждую компанию, а отделу продаж передаём только ответы заинтересованных.

Подскажите, пожалуйста, привлечение новых клиентов — это вопрос к вам или к кому-то из коллег?

Неактуально — ответьте «нет».

[Имя Фамилия], [должность]
Polza Agency",106
iGrids,egorova_en@igrids.ru,в,B,iGrids: за новых клиентов отвечаете вы?,"Здравствуйте, Екатерина Николаевна!

Меня зовут [Имя], я из Polza Agency. Увидели на сайте, что вы в ноябре 2025 года сообщили об успешных испытаниях платформы «Anomaly Forge» в своей лаборатории на реальном трафике цифровых подстанций. Предполагаем, что проекты идут от вендора и из рейтингов, а напрямую заказчикам никто не пишет.

Мы берём холодные email-рассылки на себя: собираем и проверяем базу, пишем письмо под каждую компанию, а отделу продаж передаём только ответы заинтересованных.

Подскажите, пожалуйста, привлечение новых клиентов — это вопрос к вам или к кому-то из коллег?

Неактуально — ответьте «нет».

[Имя Фамилия], [должность]
Polza Agency",103
Vkorpe (ООО «Вкорпе»),as@vkorpe.ru,в,B,Vkorpe: за новых клиентов отвечаете вы?,"Здравствуйте, Сергей Сергеевич!

Меня зовут [Имя], я из Polza Agency. Увидели на сайте, что вы работаете с более чем 4000 постоянных заказчиков и выиграли больше 1000 торгов. Предполагаем, что проекты идут от вендора и из рейтингов, а напрямую заказчикам никто не пишет.

Мы берём холодные email-рассылки на себя: собираем и проверяем базу, пишем письмо под каждую компанию, а отделу продаж передаём только ответы заинтересованных.

Подскажите, пожалуйста, привлечение новых клиентов — это вопрос к вам или к кому-то из коллег?

Неактуально — ответьте «нет».

[Имя Фамилия], [должность]
Polza Agency",96
АМКАД,gam@amcad.ru,в,A,АМКАД: вопрос о новых клиентах,"Здравствуйте, Александр!

Меня зовут [Имя], я из Polza Agency. Увидели на сайте, что вы получили диплом в номинации «PLM-навигатор» на конференции IMPULS 2026 в Минске и представили там свои наработки по PLM. Предполагаем, что проекты идут от вендора и из рейтингов, а напрямую заказчикам никто не пишет.

Мы берём холодные email-рассылки на себя: собираем и проверяем базу, пишем письмо под каждую компанию, а отделу продаж передаём только ответы заинтересованных.

Подскажите, пожалуйста, привлечение новых клиентов — это вопрос к вам или к кому-то из коллег?

Неактуально — ответьте «нет».

[Имя Фамилия], [должность]
Polza Agency",100
Южная Софтверная Компания (ГК ЮСК),vitaliy@usk.ru,в,B,ЮСК: за новых клиентов отвечаете вы?,"Здравствуйте, Виталий!

Меня зовут [Имя], я из Polza Agency. Увидели на сайте, что вы в сентябре 2026 стали лучшим партнёром «Лаборатории Касперского» в ЮФО — награду вручили на конференции вендора в Гуанчжоу. Предполагаем, что проекты идут от вендора и из рейтингов, а напрямую заказчикам никто не пишет.

Мы берём холодные email-рассылки на себя: собираем и проверяем базу, пишем письмо под каждую компанию, а отделу продаж передаём только ответы заинтересованных.

Подскажите, пожалуйста, привлечение новых клиентов — это вопрос к вам или к кому-то из коллег?

Неактуально — ответьте «нет».

[Имя Фамилия], [должность]
Polza Agency",101
АСАП Разработка (ООО «АСАП Разработка»),valeri.vorobiev@asapcg.com,в,A,АСАП Разработка: вопрос о новых клиентах,"Здравствуйте, Валерий!

Меня зовут [Имя], я из Polza Agency. Увидели на сайте, что вы вместе с заказчиком «СВИСС КРОНО» в апреле 2026 представили на семинаре по 1С:ERP опыт импортозамещения зарубежной аналитической системы. Предполагаем, что проекты идут от вендора и из рейтингов, а напрямую заказчикам никто не пишет.

Мы берём холодные email-рассылки на себя: собираем и проверяем базу, пишем письмо под каждую компанию, а отделу продаж передаём только ответы заинтересованных.

Подскажите, пожалуйста, привлечение новых клиентов — это вопрос к вам или к кому-то из коллег?

Неактуально — ответьте «нет».

[Имя Фамилия], [должность]
Polza Agency",103
Network Solutions (ООО «Нетворк Солюшнс»),kl@networkss.ru,в,A,Network Solutions: вопрос о новых клиентах,"Здравствуйте, Кирилл!

Меня зовут [Имя], я из Polza Agency. Увидели на сайте, что вы в августе 2026 представили оборудование Eltex на собственном стенде конференции IT CREDO в Пензе и выступили с докладом о новинках линейки. Предполагаем, что проекты идут от вендора и из рейтингов, а напрямую заказчикам никто не пишет.

Мы берём холодные email-рассылки на себя: собираем и проверяем базу, пишем письмо под каждую компанию, а отделу продаж передаём только ответы заинтересованных.

Подскажите, пожалуйста, привлечение новых клиентов — это вопрос к вам или к кому-то из коллег?

Неактуально — ответьте «нет».

[Имя Фамилия], [должность]
Polza Agency",104
Кибер Стратегия (ООО «Кибер Стратегия»),spy@cyber-strategy.ru,в,B,Кибер Стратегия: за новых клиентов отвечаете вы?,"Здравствуйте, Павел!

Меня зовут [Имя], я из Polza Agency. Увидели на сайте, что вы 5 февраля 2026 работали на собственном стенде конференции «Код ИБ» и вели диалог с её участниками, заказчиками и партнёрами. Предполагаем, что проекты идут от вендора и из рейтингов, а напрямую заказчикам никто не пишет.

Мы берём холодные email-рассылки на себя: собираем и проверяем базу, пишем письмо под каждую компанию, а отделу продаж передаём только ответы заинтересованных.

Подскажите, пожалуйста, привлечение новых клиентов — это вопрос к вам или к кому-то из коллег?

Неактуально — ответьте «нет».

[Имя Фамилия], [должность]
Polza Agency",103
Технологии учета,a.pavlov@tu-don.ru,в,A,Технологии учета: вопрос о новых клиентах,"Здравствуйте, Александр Сергеевич!

Меня зовут [Имя], я из Polza Agency. Увидели на сайте, что вы автоматизировали склад дистрибуции «Грасс тайм» в Донецке с помощью модуля AS WMS Lite — кейс от 23 сентября 2026. Предполагаем, что проекты идут от вендора и из рейтингов, а напрямую заказчикам никто не пишет.

Мы берём холодные email-рассылки на себя: собираем и проверяем базу, пишем письмо под каждую компанию, а отделу продаж передаём только ответы заинтересованных.

Подскажите, пожалуйста, привлечение новых клиентов — это вопрос к вам или к кому-то из коллег?

Неактуально — ответьте «нет».

[Имя Фамилия], [должность]
Polza Agency",104
АЙТИС,pao@aitis.pro,в,B,АЙТИС: за новых клиентов отвечаете вы?,"Здравствуйте, Алексей Олегович!

Меня зовут [Имя], я из Polza Agency. Увидели на сайте, что вы подключаете бизнес к ТС ПИоТ под ключ: настраиваете, проверяете и запускаете. Предполагаем, что проекты идут от вендора и из рейтингов, а напрямую заказчикам никто не пишет.

Мы берём холодные email-рассылки на себя: собираем и проверяем базу, пишем письмо под каждую компанию, а отделу продаж передаём только ответы заинтересованных.

Подскажите, пожалуйста, привлечение новых клиентов — это вопрос к вам или к кому-то из коллег?

Неактуально — ответьте «нет».

[Имя Фамилия], [должность]
Polza Agency",95
Крипта (ООО «Крипта»),stam@kripta.ru,в,A,Крипта: вопрос о новых клиентах,"Здравствуйте, Станислав Анатольевич!

Меня зовут [Имя], я из Polza Agency. Увидели, что по итогам мая 2026 вы вошли в тройку лучших партнёров России по установке модулей ТС ПИоТ. Предполагаем, что проекты идут от вендора и из рейтингов, а напрямую заказчикам никто не пишет.

Мы берём холодные email-рассылки на себя: собираем и проверяем базу, пишем письмо под каждую компанию, а отделу продаж передаём только ответы заинтересованных.

Подскажите, пожалуйста, привлечение новых клиентов — это вопрос к вам или к кому-то из коллег?

Неактуально — ответьте «нет».

[Имя Фамилия], [должность]
Polza Agency",97
Центр консалтинговых проектов (ООО «Центр консалтинговых проектов»),BetevaOA@it-murman.ru,в,A,Центр консалтинговых проектов: вопрос о новых клиентах,"Здравствуйте, Оксана Анатольевна!

Меня зовут [Имя], я из Polza Agency. Увидели на сайте, что вы приглашаете на вебинар 14 октября 2026 о проектном учёте в энергомашиностроении и инжиниринге в 1С:ERP. Предполагаем, что проекты идут от вендора и из рейтингов, а напрямую заказчикам никто не пишет.

Мы берём холодные email-рассылки на себя: собираем и проверяем базу, пишем письмо под каждую компанию, а отделу продаж передаём только ответы заинтересованных.

Подскажите, пожалуйста, привлечение новых клиентов — это вопрос к вам или к кому-то из коллег?

Неактуально — ответьте «нет».

[Имя Фамилия], [должность]
Polza Agency",100
Интерволга,daniil.nesterov@intervolga.ru,в,B,Интерволга: за новых клиентов отвечаете вы?,"Здравствуйте, Даниил!

Меня зовут [Имя], я из Polza Agency. Увидели на сайте, что вы ведёте комплексную автоматизацию B2B-продаж производителя смазочных материалов: интеграция Битрикс24 с 1С:ERP и контроль ежедневной работы менеджеров. Предполагаем, что проекты идут от вендора и из рейтингов, а напрямую заказчикам никто не пишет.

Мы берём холодные email-рассылки на себя: собираем и проверяем базу, пишем письмо под каждую компанию, а отделу продаж передаём только ответы заинтересованных.

Подскажите, пожалуйста, привлечение новых клиентов — это вопрос к вам или к кому-то из коллег?

Неактуально — ответьте «нет».

[Имя Фамилия], [должность]
Polza Agency",99
Аспро,ye@aspro.ru,в,B,Аспро: за новых клиентов отвечаете вы?,"Здравствуйте, Ярослав!

Меня зовут [Имя], я из Polza Agency. Увидели на сайте, что вашу систему управления бизнесом Аспро.Cloud используют уже больше 25 000 компаний. Предполагаем, что на демо записываются те, кто уже ищет решение, а до остальных продажи не дотягиваются.

Мы берём холодные email-рассылки на себя: собираем и проверяем базу, пишем письмо под каждую компанию, а отделу продаж передаём только ответы заинтересованных.

Подскажите, пожалуйста, привлечение новых клиентов — это вопрос к вам или к кому-то из коллег?

Неактуально — ответьте «нет».

[Имя Фамилия], [должность]
Polza Agency",94
Клеверенс,ngrigoriev@cleverence.ru,в,A,Клеверенс: вопрос о новых клиентах,"Здравствуйте, Никита!

Меня зовут [Имя], я из Polza Agency. Увидели на сайте, что вы проводите в октябре 2026 двенадцать событий — от партнёрских вебинаров и семинаров до конференции по автоматизации склада. Предполагаем, что на демо записываются те, кто уже ищет решение, а до остальных продажи не дотягиваются.

Мы берём холодные email-рассылки на себя: собираем и проверяем базу, пишем письмо под каждую компанию, а отделу продаж передаём только ответы заинтересованных.

Подскажите, пожалуйста, привлечение новых клиентов — это вопрос к вам или к кому-то из коллег?

Неактуально — ответьте «нет».

[Имя Фамилия], [должность]
Polza Agency",100
Пиксель Плюс,lunin@pixelplus.ru,в,A,Пиксель Плюс: вопрос о новых клиентах,"Здравствуйте, Александр!

Меня зовут [Имя], я из Polza Agency. Увидели на сайте, что вы в сентябре 2026 вошли в лидеры отраслевых срезов Рейтинга Рунета — от SEO и техподдержки до разработки сайтов. Предполагаем, что заявки идут из рейтингов и контента, а исходящего канала на нужные компании нет.

Мы берём холодные email-рассылки на себя: собираем и проверяем базу, пишем письмо под каждую компанию, а отделу продаж передаём только ответы заинтересованных.

Подскажите, пожалуйста, привлечение новых клиентов — это вопрос к вам или к кому-то из коллег?

Неактуально — ответьте «нет».

[Имя Фамилия], [должность]
Polza Agency",105
Никольская Консалтинг,Alexei.Roudiak@nikolskaya.ru,в,B,Никольская Консалтинг: за новых клиентов отвечаете вы?,"Здравствуйте, Алексей!

Меня зовут [Имя], я из Polza Agency. Увидели на сайте, что вы консультировали Inchcape PLC по продаже российских активов текущему менеджменту и закрыли сделку в кратчайшие сроки. Предполагаем, что клиенты идут по рекомендациям и из рейтингов, а напрямую собственникам никто не пишет.

Мы берём холодные email-рассылки на себя: собираем и проверяем базу, пишем письмо под каждую компанию, а отделу продаж передаём только ответы заинтересованных.

Подскажите, пожалуйста, привлечение новых клиентов — это вопрос к вам или к кому-то из коллег?

Неактуально — ответьте «нет».

[Имя Фамилия], [должность]
Polza Agency",99
Консалтинговая Группа ЭТАЛОН,boriskova@etalon-cons.ru,в,B,ЭТАЛОН: за новых клиентов отвечаете вы?,"Здравствуйте, Ольга Викторовна!

Меня зовут [Имя], я из Polza Agency. Увидели на сайте, что вы получаете половину клиентов по рекомендациям и ведёте на сопровождении более 100 фирм. Предполагаем, что вторую половину клиентов приходится искать самим, а напрямую компаниям никто не пишет.

Мы берём холодные email-рассылки на себя: собираем и проверяем базу, пишем письмо под каждую компанию, а отделу продаж передаём только ответы заинтересованных.

Подскажите, пожалуйста, привлечение новых клиентов — это вопрос к вам или к кому-то из коллег?

Неактуально — ответьте «нет».

[Имя Фамилия], [должность]
Polza Agency",96
Адвокатское бюро «Качкин и Партнеры»,maria.romancheva@kachkin.ru,в,A,Качкин и Партнеры: вопрос о новых клиентах,"Здравствуйте, Мария!

Меня зовут [Имя], я из Polza Agency. Увидели на сайте, что вы назначили на 6 октября 2026 совместный с юридической группой «Ком-Юнити» вебинар «Личные фонды: два года практики». Предполагаем, что клиенты идут по рекомендациям и из рейтингов, а напрямую собственникам никто не пишет.

Мы берём холодные email-рассылки на себя: собираем и проверяем базу, пишем письмо под каждую компанию, а отделу продаж передаём только ответы заинтересованных.

Подскажите, пожалуйста, привлечение новых клиентов — это вопрос к вам или к кому-то из коллег?

Неактуально — ответьте «нет».

[Имя Фамилия], [должность]
Polza Agency",100
Коллегия адвокатов «Регионсервис»,a.zholobova@regionservice.com,в,A,Регионсервис: вопрос о новых клиентах,"Здравствуйте, Анна!

Меня зовут [Имя], я из Polza Agency. Увидели на сайте, что вы 24 сентября 2026 как правовой партнёр премии CRE Federal Awards вручили награды AZIMUT Hotels и ГК DOGMA в номинациях «Девелопер года». Предполагаем, что клиенты идут по рекомендациям и из рейтингов, а напрямую собственникам никто не пишет.

Мы берём холодные email-рассылки на себя: собираем и проверяем базу, пишем письмо под каждую компанию, а отделу продаж передаём только ответы заинтересованных.

Подскажите, пожалуйста, привлечение новых клиентов — это вопрос к вам или к кому-то из коллег?

Неактуально — ответьте «нет».

[Имя Фамилия], [должность]
Polza Agency",104
Адвокатское бюро «Трубор»,trukhanov@trubor.ru,в,B,Трубор: за новых клиентов отвечаете вы?,"Здравствуйте, Кирилл!

Меня зовут [Имя], я из Polza Agency. Увидели, что в июне 2026 года вы стали партнёром саммита Сообщества Маркет Аксесс в Москве и выступили там с презентацией о стратегиях защиты интересов в торгах. Предполагаем, что клиенты идут по рекомендациям и из рейтингов, а напрямую собственникам никто не пишет.

Мы берём холодные email-рассылки на себя: собираем и проверяем базу, пишем письмо под каждую компанию, а отделу продаж передаём только ответы заинтересованных.

Подскажите, пожалуйста, привлечение новых клиентов — это вопрос к вам или к кому-то из коллег?

Неактуально — ответьте «нет».

[Имя Фамилия], [должность]
Polza Agency",105
HLB Внешаудит (АО «Эйч Эл Би Внешаудит»),ov.mityanina@vneshaudit.ru,в,A,Внешаудит: вопрос о новых клиентах,"Здравствуйте, Ольга Вячеславовна!

Меня зовут [Имя], я из Polza Agency. Увидели на сайте, что вам доверяют более 270 компаний, а аудиторские и консультационные проекты вы ведёте уже 30 лет. Предполагаем, что заказчики идут по рекомендациям и с тендеров, а напрямую нужным компаниям никто не пишет.

Мы берём холодные email-рассылки на себя: собираем и проверяем базу, пишем письмо под каждую компанию, а отделу продаж передаём только ответы заинтересованных.

Подскажите, пожалуйста, привлечение новых клиентов — это вопрос к вам или к кому-то из коллег?

Неактуально — ответьте «нет».

[Имя Фамилия], [должность]
Polza Agency",98
RRG (Группа компаний RRG),kolokolnikov@rrg.ru,в,A,RRG: вопрос о новых клиентах,"Здравствуйте, Денис!

Меня зовут [Имя], я из Polza Agency. Увидели, что в июле 2026 вы выступили консультантом по подбору оператора и сопровождению сделки: в бизнес-центре Level work Воронцовская откроется клуб City Squash. Предполагаем, что заказчики идут по рекомендациям и с тендеров, а напрямую нужным компаниям никто не пишет.

Мы берём холодные email-рассылки на себя: собираем и проверяем базу, пишем письмо под каждую компанию, а отделу продаж передаём только ответы заинтересованных.

Подскажите, пожалуйста, привлечение новых клиентов — это вопрос к вам или к кому-то из коллег?

Неактуально — ответьте «нет».

[Имя Фамилия], [должность]
Polza Agency",101
ООО «Первая Комплексная Регистрационная Компания» (ПКРК),anna.slobodenuk@fcrc.ru,в,B,ПКРК: за новых клиентов отвечаете вы?,"Здравствуйте, Анна!

Меня зовут [Имя], я из Polza Agency. Увидели на сайте, что в 2026 году вы стали членом Торгово-промышленной палаты, а положительных регистраций медицинских изделий у вас 97,8%. Предполагаем, что заказчики идут по рекомендациям и с тендеров, а напрямую нужным компаниям никто не пишет.

Мы берём холодные email-рассылки на себя: собираем и проверяем базу, пишем письмо под каждую компанию, а отделу продаж передаём только ответы заинтересованных.

Подскажите, пожалуйста, привлечение новых клиентов — это вопрос к вам или к кому-то из коллег?

Неактуально — ответьте «нет».

[Имя Фамилия], [должность]
Polza Agency",100
MidlandHunt,ms@midlandhunt.com,в,A,MidlandHunt: вопрос о новых клиентах,"Здравствуйте, Марина!

Меня зовут [Имя], я из Polza Agency. Увидели, что в октябре 2025 вы запустили проектный офис организационных решений — новый продукт MidlandHunt по итогам исследования с участием более чем 100 компаний. Предполагаем, что заказы дают знакомые HR-директора, а новым компаниям напрямую никто не пишет.

Мы берём холодные email-рассылки на себя: собираем и проверяем базу, пишем письмо под каждую компанию, а отделу продаж передаём только ответы заинтересованных.

Подскажите, пожалуйста, привлечение новых клиентов — это вопрос к вам или к кому-то из коллег?

Неактуально — ответьте «нет».

[Имя Фамилия], [должность]
Polza Agency",99
ProPersonnel,dt@propersonnel.ru,в,B,ProPersonnel: за новых клиентов отвечаете вы?,"Здравствуйте, Татьяна!

Меня зовут [Имя], я из Polza Agency. Увидели на сайте, что вы выступили на конференции ВЕДОМОСТИ «Индустриальная недвижимость» с аналитикой рынка труда — запись от 30 сентября 2026. Предполагаем, что заказы дают знакомые HR-директора, а новым компаниям напрямую никто не пишет.

Мы берём холодные email-рассылки на себя: собираем и проверяем базу, пишем письмо под каждую компанию, а отделу продаж передаём только ответы заинтересованных.

Подскажите, пожалуйста, привлечение новых клиентов — это вопрос к вам или к кому-то из коллег?

Неактуально — ответьте «нет».

[Имя Фамилия], [должность]
Polza Agency",97
Regroup,Morsina@regroups.ru,в,B,Regroup: за новых клиентов отвечаете вы?,"Здравствуйте, Оксана!

Меня зовут [Имя], я из Polza Agency. Увидели, что на ПМЭФ 3 июня 2026 вы выступили на площадке «Территория инноваций» с результатами исследования «Кто будет управлять бизнесом в России в 2030 году». Предполагаем, что заказы дают знакомые HR-директора, а новым компаниям напрямую никто не пишет.

Мы берём холодные email-рассылки на себя: собираем и проверяем базу, пишем письмо под каждую компанию, а отделу продаж передаём только ответы заинтересованных.

Подскажите, пожалуйста, привлечение новых клиентов — это вопрос к вам или к кому-то из коллег?

Неактуально — ответьте «нет».

[Имя Фамилия], [должность]
Polza Agency",102
НПФ ЭИТЭК,nigmatullin@eitek.ru,в,A,ЭИТЭК: вопрос о новых клиентах,"Здравствуйте, Виль Ришатович!

Меня зовут [Имя], я из Polza Agency. Увидели, что 9 сентября 2026 на конференции «Нефтегазопереработка-2026» вас наградили как лучшую компанию в группе «Инжиниринговые компании» по рейтингу агентства «ТЭК-Рейтинг». Предполагаем, что заказы идут с тендеров и по рекомендациям, а напрямую предприятиям никто не пишет.

Мы берём холодные email-рассылки на себя: собираем и проверяем базу, пишем письмо под каждую компанию, а отделу продаж передаём только ответы заинтересованных.

Подскажите, пожалуйста, привлечение новых клиентов — это вопрос к вам или к кому-то из коллег?

Неактуально — ответьте «нет».

[Имя Фамилия], [должность]
Polza Agency",101
АЛЬФА ИНЖИНИРИНГ,v.volegov@alfamatic.ru,в,B,АЛЬФА ИНЖИНИРИНГ: за новых клиентов отвечаете вы?,"Здравствуйте, Владимир Сергеевич!

Меня зовут [Имя], я из Polza Agency. Увидели на сайте, что вы с 2022 года официальный представитель Newamstar в РФ и держите свой сервисный центр, чтобы клиентам не ждать специалиста из Китая. Предполагаем, что заказы идут с тендеров и по рекомендациям, а напрямую предприятиям никто не пишет.

Мы берём холодные email-рассылки на себя: собираем и проверяем базу, пишем письмо под каждую компанию, а отделу продаж передаём только ответы заинтересованных.

Подскажите, пожалуйста, привлечение новых клиентов — это вопрос к вам или к кому-то из коллег?

Неактуально — ответьте «нет».

[Имя Фамилия], [должность]
Polza Agency",107
Учебный экспертный центр «Строитель»,av@ucstroitel.ru,в,B,УЭЦ Строитель: за новых клиентов отвечаете вы?,"Здравствуйте, Андрей Валерьевич!

Меня зовут [Имя], я из Polza Agency. Увидели, что 28 августа 2026 вы провели в Екатеринбурге бесплатный семинар об изменениях в Правилах обучения № 2464 и собрали более 150 специалистов и директоров предприятий. Предполагаем, что заказы идут с тендеров и по рекомендациям, а напрямую предприятиям никто не пишет.

Мы берём холодные email-рассылки на себя: собираем и проверяем базу, пишем письмо под каждую компанию, а отделу продаж передаём только ответы заинтересованных.

Подскажите, пожалуйста, привлечение новых клиентов — это вопрос к вам или к кому-то из коллег?

Неактуально — ответьте «нет».

[Имя Фамилия], [должность]
Polza Agency",106
Лаборатория промышленной безопасности,mariya@labrf.ru,в,A,Лаборатория промышленной безопасности: вопрос о новых клиентах,"Здравствуйте, Мария Михайловна!

Меня зовут [Имя], я из Polza Agency. Увидели на сайте, что 70% клиентов приходят к вам по рекомендации, а экспертиз промышленной безопасности вы провели более 4000. Предполагаем, что остальных клиентов приходится искать самим, а напрямую предприятиям никто не пишет.

Мы берём холодные email-рассылки на себя: собираем и проверяем базу, пишем письмо под каждую компанию, а отделу продаж передаём только ответы заинтересованных.

Подскажите, пожалуйста, привлечение новых клиентов — это вопрос к вам или к кому-то из коллег?

Неактуально — ответьте «нет».

[Имя Фамилия], [должность]
Polza Agency",100
ООО «Автоматизация Производств» (apdar.ru),dar@apdar.ru,в,A,Автоматизация Производств: вопрос о новых клиентах,"Здравствуйте, Дмитрий!

Меня зовут [Имя], я из Polza Agency. Увидели, что в августе 2026 ваш коммерческий отдел заключил договоры с «Газпром трансгаз Томск» на поставку метрологического оборудования и с «Газпром комплектация» на шкаф телемеханики. Предполагаем, что заказы идут с тендеров и по рекомендациям, а напрямую предприятиям никто не пишет.

Мы берём холодные email-рассылки на себя: собираем и проверяем базу, пишем письмо под каждую компанию, а отделу продаж передаём только ответы заинтересованных.

Подскажите, пожалуйста, привлечение новых клиентов — это вопрос к вам или к кому-то из коллег?

Неактуально — ответьте «нет».

[Имя Фамилия], [должность]
Polza Agency",104
ООО «ЭДС» (Екатеринбург),svv@eds-ekb.ru,в,B,ЭДС: за новых клиентов отвечаете вы?,"Здравствуйте, Владимир Викторович!

Меня зовут [Имя], я из Polza Agency. Увидели на сайте, что в декабре 2025 вы реконструировали главный распределительный щит Театра Музыкальной комедии в Екатеринбурге. Предполагаем, что заказы идут с тендеров и по рекомендациям, а напрямую предприятиям никто не пишет.

Мы берём холодные email-рассылки на себя: собираем и проверяем базу, пишем письмо под каждую компанию, а отделу продаж передаём только ответы заинтересованных.

Подскажите, пожалуйста, привлечение новых клиентов — это вопрос к вам или к кому-то из коллег?

Неактуально — ответьте «нет».

[Имя Фамилия], [должность]
Polza Agency",96
ГК Волгаэнергопром,tatyana.alekseeva@gcvep.ru,в,B,Волгаэнергопром: за новых клиентов отвечаете вы?,"Здравствуйте, Татьяна!

Меня зовут [Имя], я из Polza Agency. Увидели, что вы с 30 сентября по 2 октября 2026 показывали на «ИННОПРОМ. Беларусь» в Минске робототехнический комплекс Тесвел на базе коллаборативного робота DOBOT CR10. Предполагаем, что между выставками поток запросов проседает, а сделки длинные и зависят от числа начатых разговоров.

Мы берём холодные email-рассылки на себя: собираем и проверяем базу, пишем письмо под каждую компанию, а отделу продаж передаём только ответы заинтересованных.

Подскажите, пожалуйста, привлечение новых клиентов — это вопрос к вам или к кому-то из коллег?

Неактуально — ответьте «нет».

[Имя Фамилия], [должность]
Polza Agency",106
ООО «Челябинский завод электрооборудования» (ЧЗЭО),loskutnikov@chelzeo.ru,в,B,ЧЗЭО: за новых клиентов отвечаете вы?,"Здравствуйте, Владимир!

Меня зовут [Имя], я из Polza Agency. Увидели, что 30 сентября 2026 вы рассказали о реконструкции подстанции для одного из ведущих приборостроительных предприятий России: монтаж и пусконаладку провели за два рабочих дня. Предполагаем, что сделки длинные и зависят от числа начатых разговоров, а новых заказчиков системно не ищут.

Мы берём холодные email-рассылки на себя: собираем и проверяем базу, пишем письмо под каждую компанию, а отделу продаж передаём только ответы заинтересованных.

Подскажите, пожалуйста, привлечение новых клиентов — это вопрос к вам или к кому-то из коллег?

Неактуально — ответьте «нет».

[Имя Фамилия], [должность]
Polza Agency",105
Компрессорный завод «АРСМАШ» (марка ЗИФ),d.maksimov@zif.su,в,A,АРСМАШ: вопрос о новых клиентах,"Здравствуйте, Дмитрий Юрьевич!

Меня зовут [Имя], я из Polza Agency. Увидели на сайте, что вы единственный в России завод, серийно выпускающий компрессорные блоки, а под маркой ЗИФ с 1931 года произведено более 100 000 компрессоров. Предполагаем, что сделки длинные и зависят от числа начатых разговоров, а новых заказчиков системно не ищут.

Мы берём холодные email-рассылки на себя: собираем и проверяем базу, пишем письмо под каждую компанию, а отделу продаж передаём только ответы заинтересованных.

Подскажите, пожалуйста, привлечение новых клиентов — это вопрос к вам или к кому-то из коллег?

Неактуально — ответьте «нет».

[Имя Фамилия], [должность]
Polza Agency",106
ООО «Компрессорный завод» (Краснодар),korneev@compressor-zavod.ru,в,B,Компрессорный завод: за новых клиентов отвечаете вы?,"Здравствуйте, Андрей Викторович!

Меня зовут [Имя], я из Polza Agency. Увидели на сайте, что спрос на вашу продукцию есть не только в России, но и в шестидесяти других странах, а история завода насчитывает более шестидесяти лет. Предполагаем, что сделки длинные и зависят от числа начатых разговоров, а новых заказчиков системно не ищут.

Мы берём холодные email-рассылки на себя: собираем и проверяем базу, пишем письмо под каждую компанию, а отделу продаж передаём только ответы заинтересованных.

Подскажите, пожалуйста, привлечение новых клиентов — это вопрос к вам или к кому-то из коллег?

Неактуально — ответьте «нет».

[Имя Фамилия], [должность]
Polza Agency",109
НПП «Завод МДУ»,dranichnikovav@zavodmdu.ru,в,A,Завод МДУ: вопрос о новых клиентах,"Здравствуйте, Алексей Владимирович!

Меня зовут [Имя], я из Polza Agency. Увидели на сайте, что в 2025 году вы запустили специализированный участок по ремонту тяжёлого оборудования — насосов, вентиляторов, компрессоров и двигателей. Предполагаем, что сделки длинные и зависят от числа начатых разговоров, а новых заказчиков системно не ищут.

Мы берём холодные email-рассылки на себя: собираем и проверяем базу, пишем письмо под каждую компанию, а отделу продаж передаём только ответы заинтересованных.

Подскажите, пожалуйста, привлечение новых клиентов — это вопрос к вам или к кому-то из коллег?

Неактуально — ответьте «нет».

[Имя Фамилия], [должность]
Polza Agency",101
ОАО «Манотомь» (Томский манометровый завод),nikolaev_ov@manotom.com,в,A,Манотомь: вопрос о новых клиентах,"Здравствуйте, Олег Владиславович!

Меня зовут [Имя], я из Polza Agency. Увидели, что 26 ноября 2025 вы участвовали в форум-выставке «Выбирай своё. Сделано в Томской области», где местные производители устанавливали деловые контакты и показывали продукцию. Предполагаем, что сделки длинные и зависят от числа начатых разговоров, а новых заказчиков системно не ищут.

Мы берём холодные email-рассылки на себя: собираем и проверяем базу, пишем письмо под каждую компанию, а отделу продаж передаём только ответы заинтересованных.

Подскажите, пожалуйста, привлечение новых клиентов — это вопрос к вам или к кому-то из коллег?

Неактуально — ответьте «нет».

[Имя Фамилия], [должность]
Polza Agency",103
ООО Конструкторское бюро «АГАВА»,erman@kb-agava.ru,в,A,КБ АГАВА: вопрос о новых клиентах,"Здравствуйте, Георгий Зиновьевич!

Меня зовут [Имя], я из Polza Agency. Увидели, что 23 сентября 2026 вы представили две новые модели частотных преобразователей ERMANGIZER для насосов — ERG-220-05R и ERG-220-06. Предполагаем, что сделки длинные и зависят от числа начатых разговоров, а новых заказчиков системно не ищут.

Мы берём холодные email-рассылки на себя: собираем и проверяем базу, пишем письмо под каждую компанию, а отделу продаж передаём только ответы заинтересованных.

Подскажите, пожалуйста, привлечение новых клиентов — это вопрос к вам или к кому-то из коллег?

Неактуально — ответьте «нет».

[Имя Фамилия], [должность]
Polza Agency",99
АО «Электропровод»,zaa@elprovod.ru,в,B,Электропровод: за новых клиентов отвечаете вы?,"Здравствуйте, Алексей Алексеевич!

Меня зовут [Имя], я из Polza Agency. Увидели на сайте, что в 2025 году вы получили сертификат NDK и вошли в реестр одобренных поставщиков для атомных объектов Турции — шаг в развитии экспортного направления. Предполагаем, что сделки длинные и зависят от числа начатых разговоров, а новых заказчиков системно не ищут.

Мы берём холодные email-рассылки на себя: собираем и проверяем базу, пишем письмо под каждую компанию, а отделу продаж передаём только ответы заинтересованных.

Подскажите, пожалуйста, привлечение новых клиентов — это вопрос к вам или к кому-то из коллег?

Неактуально — ответьте «нет».

[Имя Фамилия], [должность]
Polza Agency",107
ПАО «Пензмаш»,nedviga_ua@penzmash.ru,в,A,Пензмаш: вопрос о новых клиентах,"Здравствуйте, Юлия Анатольевна!

Меня зовут [Имя], я из Polza Agency. Увидели, что к выставке «АГРОСАЛОН» 6–9 октября 2026 вы подготовили новинку — 10-метровую очёсывающую жатку «ОЗОН». Предполагаем, что между выставками поток запросов проседает, а сделки длинные и зависят от числа начатых разговоров.

Мы берём холодные email-рассылки на себя: собираем и проверяем базу, пишем письмо под каждую компанию, а отделу продаж передаём только ответы заинтересованных.

Подскажите, пожалуйста, привлечение новых клиентов — это вопрос к вам или к кому-то из коллег?

Неактуально — ответьте «нет».

[Имя Фамилия], [должность]
Polza Agency",96
ООО «УТЗ» (Уральский Трубопроводный Завод),dp@utz-arm.ru,в,A,УТЗ: вопрос о новых клиентах,"Здравствуйте, Дмитрий Вячеславович!

Меня зовут [Имя], я из Polza Agency. Увидели на сайте, что магистральную арматуру Ду400-1200 вы всегда держите в наличии, а любые задвижки поставляете под заказ со сроком от 30 рабочих дней. Предполагаем, что сделки длинные и зависят от числа начатых разговоров, а новых заказчиков системно не ищут.

Мы берём холодные email-рассылки на себя: собираем и проверяем базу, пишем письмо под каждую компанию, а отделу продаж передаём только ответы заинтересованных.

Подскажите, пожалуйста, привлечение новых клиентов — это вопрос к вам или к кому-то из коллег?

Неактуально — ответьте «нет».

[Имя Фамилия], [должность]
Polza Agency",103
ООО «СНОЛ-ТЕРМ»,yam@snol-term.ru,в,B,СНОЛ-ТЕРМ: за новых клиентов отвечаете вы?,"Здравствуйте, Артем Михайлович!

Меня зовут [Имя], я из Polza Agency. Увидели на сайте, что вы 26 лет поставляете печи и шкафы SNOL и в июле 2026 отметили рост запросов на ремонт оборудования возрастом от 10 до 20 лет. Предполагаем, что сделки длинные и зависят от числа начатых разговоров, а новых заказчиков системно не ищут.

Мы берём холодные email-рассылки на себя: собираем и проверяем базу, пишем письмо под каждую компанию, а отделу продаж передаём только ответы заинтересованных.

Подскажите, пожалуйста, привлечение новых клиентов — это вопрос к вам или к кому-то из коллег?

Неактуально — ответьте «нет».

[Имя Фамилия], [должность]
Polza Agency",110
"КомплектСнаб (ИНН 5020086372, по реквизитам на сайте)",da@ks19.ru,в,победитель A/B,КомплектСнаб: вопрос о новых клиентах,"Здравствуйте, Дмитрий Олегович!

Меня зовут [Имя], я из Polza Agency. Увидели на сайте, что в ноябре 2025 вы приглашали на свой стенд на 28-й Международной выставке «ХИМИЯ-2025» в Москве. Предполагаем, что сделки длинные и зависят от числа начатых разговоров, а новых заказчиков системно не ищут.

Мы берём холодные email-рассылки на себя: собираем и проверяем базу, пишем письмо под каждую компанию, а отделу продаж передаём только ответы заинтересованных.

Подскажите, пожалуйста, привлечение новых клиентов — это вопрос к вам или к кому-то из коллег?

Неактуально — ответьте «нет».

[Имя Фамилия], [должность]
Polza Agency",98
ООО «Сигм плюс инжиниринг»,A.Petrovskiy@siplus.ru,в,победитель A/B,Сигм плюс инжиниринг: вопрос о новых клиентах,"Здравствуйте, Александр!

Меня зовут [Имя], я из Polza Agency. Увидели на сайте, что в декабре 2025 вы добавили в портфолио портативные ламинарные расходомеры YIDU серии T. Предполагаем, что сделки длинные и зависят от числа начатых разговоров, а новых заказчиков системно не ищут.

Мы берём холодные email-рассылки на себя: собираем и проверяем базу, пишем письмо под каждую компанию, а отделу продаж передаём только ответы заинтересованных.

Подскажите, пожалуйста, привлечение новых клиентов — это вопрос к вам или к кому-то из коллег?

Неактуально — ответьте «нет».

[Имя Фамилия], [должность]
Polza Agency",98
ООО «ММП-Ирбис»,lukin@mmp-irbis.ru,в,победитель A/B,ММП-Ирбис: вопрос о новых клиентах,"Здравствуйте, Анатолий Владимирович!

Меня зовут [Имя], я из Polza Agency. Увидели на сайте, что в ноябре 2025 вы представили новые модули питания AC/DC серии АДС на DIN-рейку в узком корпусе 30 мм и с трёхлетней гарантией. Предполагаем, что сделки длинные и зависят от числа начатых разговоров, а новых заказчиков системно не ищут.

Мы берём холодные email-рассылки на себя: собираем и проверяем базу, пишем письмо под каждую компанию, а отделу продаж передаём только ответы заинтересованных.

Подскажите, пожалуйста, привлечение новых клиентов — это вопрос к вам или к кому-то из коллег?

Неактуально — ответьте «нет».

[Имя Фамилия], [должность]
Polza Agency",106
ООО «Бранум» (сайт «Фаворит-Электро»),ponomarev@f-elres.ru,в,победитель A/B,Бранум: вопрос о новых клиентах,"Здравствуйте, Дмитрий!

Меня зовут [Имя], я из Polza Agency. Увидели на сайте, что вы поставили светотехническое оборудование для комплекса по переработке этансодержащего газа и производству СПГ в Усть-Луге. Предполагаем, что продажи держатся на постоянных клиентах, а искать новых снабженцев заводов менеджерам некогда.

Мы берём холодные email-рассылки на себя: собираем и проверяем базу, пишем письмо под каждую компанию, а отделу продаж передаём только ответы заинтересованных.

Подскажите, пожалуйста, привлечение новых клиентов — это вопрос к вам или к кому-то из коллег?

Неактуально — ответьте «нет».

[Имя Фамилия], [должность]
Polza Agency",97
ООО «ЭЛМАТЕК»,yan.boksiner@elmatec.ru,в,победитель A/B,ЭЛМАТЕК: вопрос о новых клиентах,"Здравствуйте, Ян!

Меня зовут [Имя], я из Polza Agency. Увидели, что вы приглашаете партнёров на свой стенд B125 на Международном форуме «Электрические сети» 17–19 ноября в ВК «Тимирязев Центр». Предполагаем, что продажи держатся на постоянных клиентах, а искать новых снабженцев заводов менеджерам некогда.

Мы берём холодные email-рассылки на себя: собираем и проверяем базу, пишем письмо под каждую компанию, а отделу продаж передаём только ответы заинтересованных.

Подскажите, пожалуйста, привлечение новых клиентов — это вопрос к вам или к кому-то из коллег?

Неактуально — ответьте «нет».

[Имя Фамилия], [должность]
Polza Agency",97
ГК «СИМБИО»,andrey.moraru@simbio.ru,в,победитель A/B,СИМБИО: вопрос о новых клиентах,"Здравствуйте, Андрей Семенович!

Меня зовут [Имя], я из Polza Agency. Увидели, что в августе 2026 у вас в СИМБИО-Клубе появилась новинка бренда «Территория» — стартер для щенков с индейкой и морошкой. Предполагаем, что продажи держатся на постоянной базе, а искать новые компании менеджерам некогда.

Мы берём холодные email-рассылки на себя: собираем и проверяем базу, пишем письмо под каждую компанию, а отделу продаж передаём только ответы заинтересованных.

Подскажите, пожалуйста, привлечение новых клиентов — это вопрос к вам или к кому-то из коллег?

Неактуально — ответьте «нет».

[Имя Фамилия], [должность]
Polza Agency",97
ООО «Током-Элит»,titkova@tokomelit.ru,в,победитель A/B,Током-Элит: вопрос о новых клиентах,"Здравствуйте, Мария!

Меня зовут [Имя], я из Polza Agency. Увидели, что 9–10 сентября 2026 вы провели на Алтае семинар-практикум по производству молочных продуктов с ингредиентами вашей новой линейки Lactoferm Premium. Предполагаем, что продажи держатся на постоянной базе, а искать новые компании менеджерам некогда.

Мы берём холодные email-рассылки на себя: собираем и проверяем базу, пишем письмо под каждую компанию, а отделу продаж передаём только ответы заинтересованных.

Подскажите, пожалуйста, привлечение новых клиентов — это вопрос к вам или к кому-то из коллег?

Неактуально — ответьте «нет».

[Имя Фамилия], [должность]
Polza Agency",96
ООО «БиэМСи-Фуд ингредиентс» (BMC-Food),m.muradyan@bmc-food.ru,в,победитель A/B,BMC-Food: вопрос о новых клиентах,"Здравствуйте, Мэлине!

Меня зовут [Имя], я из Polza Agency. Увидели на сайте, что для отделов закупок вы сделали отдельную страницу: прямые договоры с производителями в Китае, фиксированные цены и образцы до закупки партии. Предполагаем, что продажи держатся на постоянной базе, а искать новые компании менеджерам некогда.

Мы берём холодные email-рассылки на себя: собираем и проверяем базу, пишем письмо под каждую компанию, а отделу продаж передаём только ответы заинтересованных.

Подскажите, пожалуйста, привлечение новых клиентов — это вопрос к вам или к кому-то из коллег?

Неактуально — ответьте «нет».

[Имя Фамилия], [должность]
Polza Agency",99
Технопак-Флекс (ООО «Технопак-Флекс»),k.smolin@technopack.spb.ru,в,победитель A/B,Технопак-Флекс: вопрос о новых клиентах,"Здравствуйте, Константин Викторович!

Меня зовут [Имя], я из Polza Agency. Увидели на сайте, что вы выпускаете барьерные плёнки на двух производственных площадках, а среди партнёров называете десятки крупнейших производителей мясной, рыбной и молочной продукции. Предполагаем, что отдел продаж занят входящими заявками, а новых производственных покупателей системно никто не ищет.

Мы берём холодные email-рассылки на себя: собираем и проверяем базу, пишем письмо под каждую компанию, а отделу продаж передаём только ответы заинтересованных.

Подскажите, пожалуйста, привлечение новых клиентов — это вопрос к вам или к кому-то из коллег?

Неактуально — ответьте «нет».

[Имя Фамилия], [должность]
Polza Agency",105
Packovalli (ООО «Эстроком»),alexander.bodrov@packovalli.ru,в,победитель A/B,Packovalli: вопрос о новых клиентах,"Здравствуйте, Александр!

Меня зовут [Имя], я из Polza Agency. Увидели на сайте, что вы отгружаете со склада от одной коробки, а бесплатные образцы отправляете в срок от одного дня. Предполагаем, что отдел продаж занят входящими заявками, а новых производственных покупателей системно никто не ищет.

Мы берём холодные email-рассылки на себя: собираем и проверяем базу, пишем письмо под каждую компанию, а отделу продаж передаём только ответы заинтересованных.

Подскажите, пожалуйста, привлечение новых клиентов — это вопрос к вам или к кому-то из коллег?

Неактуально — ответьте «нет».

[Имя Фамилия], [должность]
Polza Agency",98
"Еникс (ООО «ЕНИКС», Enix.ru)",miller@enix.ru,в,победитель A/B,Еникс: вопрос о новых клиентах,"Здравствуйте, Николай!

Меня зовут [Имя], я из Polza Agency. Увидели на сайте, что вы поставляли материалы для строительства АЭС «Аккую» в Турции и «Кунданкулам» в Индии, а среди клиентов называете «Мангазею» и Renaissance Heavy Industries. Предполагаем, что продажи идут через дилеров и постоянную базу, а новым подрядчикам никто не пишет.

Мы берём холодные email-рассылки на себя: собираем и проверяем базу, пишем письмо под каждую компанию, а отделу продаж передаём только ответы заинтересованных.

Подскажите, пожалуйста, привлечение новых клиентов — это вопрос к вам или к кому-то из коллег?

Неактуально — ответьте «нет».

[Имя Фамилия], [должность]
Polza Agency",103
Завод «Краски КВИЛ» (ООО «Завод Краски КВИЛ»),kovalevOV@kvil.ru,в,победитель A/B,Краски КВИЛ: вопрос о новых клиентах,"Здравствуйте, Олег Владимирович!

Меня зовут [Имя], я из Polza Agency. Увидели, что в июле 2026 вы начали отгрузки с новой площадки в промпарке «Сенькино» в Новой Москве, где колеруете всю линейку КВИЛ. Предполагаем, что продажи идут через дилеров и постоянную базу, а новым подрядчикам никто не пишет.

Мы берём холодные email-рассылки на себя: собираем и проверяем базу, пишем письмо под каждую компанию, а отделу продаж передаём только ответы заинтересованных.

Подскажите, пожалуйста, привлечение новых клиентов — это вопрос к вам или к кому-то из коллег?

Неактуально — ответьте «нет».

[Имя Фамилия], [должность]
Polza Agency",101
"УралСпецТранс (ООО «Урал СТ», бренд SEVEREST)",lkf@severest.ru,в,победитель A/B,УралСпецТранс: вопрос о новых клиентах,"Здравствуйте, Константин Федорович!

Меня зовут [Имя], я из Polza Agency. Увидели, что после приостановки субсидии МПТ с 1 октября 2026 вы предлагаете свою субсидию производителя — 220 000 рублей на всю прицепную технику до конца года. Предполагаем, что покупатели идут с площадок объявлений, а автопаркам и перевозчикам напрямую никто не пишет.

Мы берём холодные email-рассылки на себя: собираем и проверяем базу, пишем письмо под каждую компанию, а отделу продаж передаём только ответы заинтересованных.

Подскажите, пожалуйста, привлечение новых клиентов — это вопрос к вам или к кому-то из коллег?

Неактуально — ответьте «нет».

[Имя Фамилия], [должность]
Polza Agency",105
Грузовые Прицепы (ООО «Грузовые Прицепы»),a.shumilkov@gruz-pricepy.ru,в,победитель A/B,Грузовые Прицепы: вопрос о новых клиентах,"Здравствуйте, Алексей!

Меня зовут [Имя], я из Polza Agency. Увидели, что в мае 2026 вы побывали на COMvex и отметили, что на выставке стало меньше пафоса и больше фокуса на прямые контакты. Предполагаем, что покупатели идут с площадок объявлений, а автопаркам и перевозчикам напрямую никто не пишет.

Мы берём холодные email-рассылки на себя: собираем и проверяем базу, пишем письмо под каждую компанию, а отделу продаж передаём только ответы заинтересованных.

Подскажите, пожалуйста, привлечение новых клиентов — это вопрос к вам или к кому-то из коллег?

Неактуально — ответьте «нет».

[Имя Фамилия], [должность]
Polza Agency",101
Компания Логистик Пак (ООО «Компания Логистик Пак»),anna@onsklad.ru,в,победитель A/B,Логистик Пак: вопрос о новых клиентах,"Здравствуйте, Анна!

Меня зовут [Имя], я из Polza Agency. Увидели на сайте, что вы предлагаете франшизу Logipak group: формат «под ключ» для инвесторов и «мягкий франчайзинг» для владельцев складов от 5 тыс. м². Предполагаем, что перед высоким сезоном нужны новые интернет-магазины, а менеджеры заняты текущими клиентами.

Мы берём холодные email-рассылки на себя: собираем и проверяем базу, пишем письмо под каждую компанию, а отделу продаж передаём только ответы заинтересованных.

Подскажите, пожалуйста, привлечение новых клиентов — это вопрос к вам или к кому-то из коллег?

Неактуально — ответьте «нет».

[Имя Фамилия], [должность]
Polza Agency",100
ПОЛИТЭК (ООО «Политэк»),pokladov@ooo-polytec.ru,в,победитель A/B,Политэк: вопрос о новых клиентах,"Здравствуйте, Александр!

Меня зовут [Имя], я из Polza Agency. Увидели на сайте, что у вас собственный канал сборных грузов из Китая через Пограничный с еженедельной отправкой своих машин и свои сотрудники в КНР. Предполагаем, что грузы дают постоянные клиенты, а новым импортёрам и экспортёрам напрямую никто не пишет.

Мы берём холодные email-рассылки на себя: собираем и проверяем базу, пишем письмо под каждую компанию, а отделу продаж передаём только ответы заинтересованных.

Подскажите, пожалуйста, привлечение новых клиентов — это вопрос к вам или к кому-то из коллег?

Неактуально — ответьте «нет».

[Имя Фамилия], [должность]
Polza Agency",102
КаргоМодуль,alexeysh.svx@cargomodul.ru,в,победитель A/B,КаргоМодуль: вопрос о новых клиентах,"Здравствуйте, Алексей Михайлович!

Меня зовут [Имя], я из Polza Agency. Увидели на сайте, что вы доставили из Тяньцзиня в Челябинск воздухоразделительную установку — семь 40-футовых контейнеров и три трала с негабаритом. Предполагаем, что грузы дают постоянные клиенты, а новым импортёрам и экспортёрам напрямую никто не пишет.

Мы берём холодные email-рассылки на себя: собираем и проверяем базу, пишем письмо под каждую компанию, а отделу продаж передаём только ответы заинтересованных.

Подскажите, пожалуйста, привлечение новых клиентов — это вопрос к вам или к кому-то из коллег?

Неактуально — ответьте «нет».

[Имя Фамилия], [должность]
Polza Agency",101
UNEX (Unex Перевозки и Логистика),bogdan@unexspb.ru,в,победитель A/B,UNEX: вопрос о новых клиентах,"Здравствуйте, Богдан!

Меня зовут [Имя], я из Polza Agency. Увидели на сайте, что помимо перевозок вы предлагаете агентские услуги: через вашу турецкую компанию клиенты могут проводить платежи за товары и услуги. Предполагаем, что грузы дают постоянные клиенты, а новым импортёрам и экспортёрам напрямую никто не пишет.

Мы берём холодные email-рассылки на себя: собираем и проверяем базу, пишем письмо под каждую компанию, а отделу продаж передаём только ответы заинтересованных.

Подскажите, пожалуйста, привлечение новых клиентов — это вопрос к вам или к кому-то из коллег?

Неактуально — ответьте «нет».

[Имя Фамилия], [должность]
Polza Agency",99
ООО «Предприятие «ФЭСТ»,balueva@fest-k.ru,в,победитель A/B,ФЭСТ: вопрос о новых клиентах,"Здравствуйте, Екатерина Юрьевна!

Меня зовут [Имя], я из Polza Agency. Увидели, что в июне 2026 вы стали спонсором Спартакиады КОМУС, продолжив многолетнее сотрудничество с одним из ваших крупнейших деловых партнёров. Предполагаем, что заказы идут с тендеров и через дистрибьюторов, а новым покупателям напрямую никто не пишет.

Мы берём холодные email-рассылки на себя: собираем и проверяем базу, пишем письмо под каждую компанию, а отделу продаж передаём только ответы заинтересованных.

Подскажите, пожалуйста, привлечение новых клиентов — это вопрос к вам или к кому-то из коллег?

Неактуально — ответьте «нет».

[Имя Фамилия], [должность]
Polza Agency",99
ООО «Медицинские изделия» (Казань),regina@medizdelie.ru,в,победитель A/B,Медицинские изделия: вопрос о новых клиентах,"Здравствуйте, Регина!

Меня зовут [Имя], я из Polza Agency. Увидели на сайте, что вы звали партнёров на свой стенд №6С085 на международной выставке «Здравоохранение-2025» 8–11 декабря в Крокус Экспо. Предполагаем, что заказы идут с тендеров и через дистрибьюторов, а новым покупателям напрямую никто не пишет.

Мы берём холодные email-рассылки на себя: собираем и проверяем базу, пишем письмо под каждую компанию, а отделу продаж передаём только ответы заинтересованных.

Подскажите, пожалуйста, привлечение новых клиентов — это вопрос к вам или к кому-то из коллег?

Неактуально — ответьте «нет».

[Имя Фамилия], [должность]
Polza Agency",101
АО «ДЗМО» (Досчатинский завод медицинского оборудования),lebedev@dzmo.ru,в,победитель A/B,ДЗМО: вопрос о новых клиентах,"Здравствуйте, Леонид!

Меня зовут [Имя], я из Polza Agency. Увидели на сайте, что в марте 2026 вы отгрузили гинекологические кресла КГ-6 в новую клинику сети «Медси». Предполагаем, что заказы идут с тендеров и через дистрибьюторов, а новым покупателям напрямую никто не пишет.

Мы берём холодные email-рассылки на себя: собираем и проверяем базу, пишем письмо под каждую компанию, а отделу продаж передаём только ответы заинтересованных.

Подскажите, пожалуйста, привлечение новых клиентов — это вопрос к вам или к кому-то из коллег?

Неактуально — ответьте «нет».

[Имя Фамилия], [должность]
Polza Agency",95
«Адвамедикс» (Advamedics),nikulina@advamedics.ru,в,победитель A/B,Адвамедикс: вопрос о новых клиентах,"Здравствуйте, Елена!

Меня зовут [Имя], я из Polza Agency. Увидели, что в апреле 2026 ваша делегация вместе с дистрибьюторами, победившими по итогам прошлого года, побывала на производстве Polymed в Индии. Предполагаем, что заказы идут с тендеров и через дистрибьюторов, а новым покупателям напрямую никто не пишет.

Мы берём холодные email-рассылки на себя: собираем и проверяем базу, пишем письмо под каждую компанию, а отделу продаж передаём только ответы заинтересованных.

Подскажите, пожалуйста, привлечение новых клиентов — это вопрос к вам или к кому-то из коллег?

Неактуально — ответьте «нет».

[Имя Фамилия], [должность]
Polza Agency",99
ООО «Сувенирная компания» (бренд «Адверти»),n.apollonova@adverti.ru,в,победитель A/B,Адверти: вопрос о новых клиентах,"Здравствуйте, Наталья!

Меня зовут [Имя], я из Polza Agency. Увидели, что 23 сентября вы провели ежегодный Клиентский день Adverti для клиентов и партнёров, оформленный в этом году в стиле «Зазеркалья». Предполагаем, что заказы приносят постоянные клиенты и поиск, а новым компаниям напрямую никто не пишет.

Мы берём холодные email-рассылки на себя: собираем и проверяем базу, пишем письмо под каждую компанию, а отделу продаж передаём только ответы заинтересованных.

Подскажите, пожалуйста, привлечение новых клиентов — это вопрос к вам или к кому-то из коллег?

Неактуально — ответьте «нет».

[Имя Фамилия], [должность]
Polza Agency",98
"Sunprint (типография, Москва)",dima@sunprint.ru,в,победитель A/B,Sunprint: вопрос о новых клиентах,"Здравствуйте, Дмитрий!

Меня зовут [Имя], я из Polza Agency. Увидели, что 30 марта 2026 года вы добавили на сайт новый раздел со стаканами для попкорна с логотипом тиражом от 50 штук. Предполагаем, что заказы приносят постоянные клиенты и поиск, а новым компаниям напрямую никто не пишет.

Мы берём холодные email-рассылки на себя: собираем и проверяем базу, пишем письмо под каждую компанию, а отделу продаж передаём только ответы заинтересованных.

Подскажите, пожалуйста, привлечение новых клиентов — это вопрос к вам или к кому-то из коллег?

Неактуально — ответьте «нет».

[Имя Фамилия], [должность]
Polza Agency",99
"Типографский комплекс «Девиз» (ГК «Девиз»: ООО «Принт», ООО «Издательство «ДА»)",ilya@npt.ru,в,победитель A/B,Девиз: вопрос о новых клиентах,"Здравствуйте, Илья Анварович!

Меня зовут [Имя], я из Polza Agency. Увидели на сайте, что вы напечатали для «Уралхима» издание «Агрокнига» и в новости от 2 октября 2026 предлагаете такой формат продвижения другим предприятиям. Предполагаем, что заказы приносят постоянные клиенты и поиск, а новым компаниям напрямую никто не пишет.

Мы берём холодные email-рассылки на себя: собираем и проверяем базу, пишем письмо под каждую компанию, а отделу продаж передаём только ответы заинтересованных.

Подскажите, пожалуйста, привлечение новых клиентов — это вопрос к вам или к кому-то из коллег?

Неактуально — ответьте «нет».

[Имя Фамилия], [должность]
Polza Agency",102
ROCCS (ООО «ИТЦ «РОККС»),ceo@roccs.ru,в,победитель A/B,ROCCS: вопрос о новых клиентах,"Здравствуйте, Дмитрий!

Меня зовут [Имя], я из Polza Agency. Увидели, что 1 июля 2026 вы объявили о ребрендинге «Элтекс Солюшенс» в ИТЦ РОККС и новом векторе — системной интеграции мультивендорных решений российских производителей. Предполагаем, что проекты идут от вендора и из рейтингов, а напрямую заказчикам никто не пишет.

Мы берём холодные email-рассылки на себя: собираем и проверяем базу, пишем письмо под каждую компанию, а отделу продаж передаём только ответы заинтересованных.

Подскажите, пожалуйста, привлечение новых клиентов — это вопрос к вам или к кому-то из коллег?

Неактуально — ответьте «нет».

[Имя Фамилия], [должность]
Polza Agency",102
Mavlad,ceo@mavlad.ru,в,победитель A/B,Mavlad: вопрос о новых клиентах,"Здравствуйте, Алексей Владимирович!

Меня зовут [Имя], я из Polza Agency. Увидели, что в мае 2026 вы открыли офис в Москве, в БЦ «Липецк», и теперь можете обсуждать проекты по 1С в столице лично. Предполагаем, что проекты идут от вендора и из рейтингов, а напрямую заказчикам никто не пишет.

Мы берём холодные email-рассылки на себя: собираем и проверяем базу, пишем письмо под каждую компанию, а отделу продаж передаём только ответы заинтересованных.

Подскажите, пожалуйста, привлечение новых клиентов — это вопрос к вам или к кому-то из коллег?

Неактуально — ответьте «нет».

[Имя Фамилия], [должность]
Polza Agency",101
ПЗПИ (ООО «ПЗПИ»),dir@pzpi.ru,в,победитель A/B,ПЗПИ: вопрос о новых клиентах,"Здравствуйте, Алексей Самойлович!

Меня зовут [Имя], я из Polza Agency. Увидели, что 14–17 октября вы везёте на InterCHARM 2026 новинки упаковки для косметики — флаконы, банки, крышки и дозаторы, стенд 15А4. Предполагаем, что отдел продаж занят входящими заявками, а новых производственных покупателей системно никто не ищет.

Мы берём холодные email-рассылки на себя: собираем и проверяем базу, пишем письмо под каждую компанию, а отделу продаж передаём только ответы заинтересованных.

Подскажите, пожалуйста, привлечение новых клиентов — это вопрос к вам или к кому-то из коллег?

Неактуально — ответьте «нет».

[Имя Фамилия], [должность]
Polza Agency",100
ООО Торговый Дом «Айболит» (ТД Айболит),direct@aybolit2000.ru,в,победитель A/B,ТД Айболит: вопрос о новых клиентах,"Здравствуйте, Вячеслав Абрамович!

Меня зовут [Имя], я из Polza Agency. Увидели, что в апреле 2026 вы участвовали в выставке «Здравоохранение Урала 2026» со своим стендом. Предполагаем, что заказы идут с тендеров и через дистрибьюторов, а новым покупателям напрямую никто не пишет.

Мы берём холодные email-рассылки на себя: собираем и проверяем базу, пишем письмо под каждую компанию, а отделу продаж передаём только ответы заинтересованных.

Подскажите, пожалуйста, привлечение новых клиентов — это вопрос к вам или к кому-то из коллег?

Неактуально — ответьте «нет».

[Имя Фамилия], [должность]
Polza Agency",96
FreshOffice (ООО «Свежие решения»),dir@freshoffice.ru,в,победитель A/B,FreshOffice: вопрос о новых клиентах,"Здравствуйте, Игорь!

Меня зовут [Имя], я из Polza Agency. Увидели, что в сентябре 2026 вы выпустили релиз FreshOffice: AI-агент «Инсайдер», Workflow, MCP и интеграция с Max. Предполагаем, что на демо записываются те, кто уже ищет решение, а до остальных продажи не дотягиваются.

Мы берём холодные email-рассылки на себя: собираем и проверяем базу, пишем письмо под каждую компанию, а отделу продаж передаём только ответы заинтересованных.

Подскажите, пожалуйста, привлечение новых клиентов — это вопрос к вам или к кому-то из коллег?

Неактуально — ответьте «нет».

[Имя Фамилия], [должность]
Polza Agency",95
Стахановец,askceo@stakhanovets.ru,в,победитель A/B,Стахановец: вопрос о новых клиентах,"Здравствуйте, Дмитрий!

Меня зовут [Имя], я из Polza Agency. Увидели, что 1 июля 2026 вы объявили о получении сертификата ФСТЭК по четвёртому уровню доверия: «Стахановец» теперь можно ставить на объектах КИИ и в государственных информационных системах. Предполагаем, что на демо записываются те, кто уже ищет решение, а до остальных продажи не дотягиваются.

Мы берём холодные email-рассылки на себя: собираем и проверяем базу, пишем письмо под каждую компанию, а отделу продаж передаём только ответы заинтересованных.

Подскажите, пожалуйста, привлечение новых клиентов — это вопрос к вам или к кому-то из коллег?

Неактуально — ответьте «нет».

[Имя Фамилия], [должность]
Polza Agency",108
ООО «Технологии Без Границ» (ТБГ),director@techwb.ru,в,победитель A/B,Технологии Без Границ: вопрос о новых клиентах,"Здравствуйте, Дмитрий Анатольевич!

Меня зовут [Имя], я из Polza Agency. Увидели на сайте, что вы единственный авторизованный партнёр JNBAN в России и поставляете вакуумные ленточные сушилки напрямую от производителя. Предполагаем, что заказы идут с тендеров и по рекомендациям, а напрямую предприятиям никто не пишет.

Мы берём холодные email-рассылки на себя: собираем и проверяем базу, пишем письмо под каждую компанию, а отделу продаж передаём только ответы заинтересованных.

Подскажите, пожалуйста, привлечение новых клиентов — это вопрос к вам или к кому-то из коллег?

Неактуально — ответьте «нет».

[Имя Фамилия], [должность]
Polza Agency",101
НЕРАЗРУШАЮЩИЙ КОНТРОЛЬ,117@ncontrol.ru,в,победитель A/B,Неразрушающий контроль: вопрос о новых клиентах,"Здравствуйте, Анна Александровна!

Меня зовут [Имя], я из Polza Agency. Увидели на сайте, что с конца сентября 2026 вы приглашаете на демонстрацию переносного рентгеновского аппарата «ЭТНА-М» в Екатеринбурге или с выездом на объект заказчика. Предполагаем, что сделки длинные и зависят от числа начатых разговоров, а новых заказчиков системно не ищут.

Мы берём холодные email-рассылки на себя: собираем и проверяем базу, пишем письмо под каждую компанию, а отделу продаж передаём только ответы заинтересованных.

Подскажите, пожалуйста, привлечение новых клиентов — это вопрос к вам или к кому-то из коллег?

Неактуально — ответьте «нет».

[Имя Фамилия], [должность]
Polza Agency",104
ООО «Компрессор Центр»,102@prokompressor.ru,в,победитель A/B,Компрессор Центр: вопрос о новых клиентах,"Здравствуйте, Игорь!

Меня зовут [Имя], я из Polza Agency. Увидели на сайте, что вам доверили системы сжатого воздуха более 6000 клиентов по России и СНГ и 90% из них обращаются снова. Предполагаем, что сделки длинные и зависят от числа начатых разговоров, а новых заказчиков системно не ищут.

Мы берём холодные email-рассылки на себя: собираем и проверяем базу, пишем письмо под каждую компанию, а отделу продаж передаём только ответы заинтересованных.

Подскажите, пожалуйста, привлечение новых клиентов — это вопрос к вам или к кому-то из коллег?

Неактуально — ответьте «нет».

[Имя Фамилия], [должность]
Polza Agency",103
10-ГПЗ (ООО «10-ГПЗ»),kd@10-gpz.ru,в,победитель A/B,10-ГПЗ: вопрос о новых клиентах,"Здравствуйте, Евгений Игоревич!

Меня зовут [Имя], я из Polza Agency. Увидели на сайте, что вы работаете с флагманами отечественного автопрома, поставляете подшипники на экспорт и держите складской резерв под крупные оптовые партии. Предполагаем, что продажи держатся на постоянных клиентах, а искать новых снабженцев заводов менеджерам некогда.

Мы берём холодные email-рассылки на себя: собираем и проверяем базу, пишем письмо под каждую компанию, а отделу продаж передаём только ответы заинтересованных.

Подскажите, пожалуйста, привлечение новых клиентов — это вопрос к вам или к кому-то из коллег?

Неактуально — ответьте «нет».

[Имя Фамилия], [должность]
Polza Agency",100
EastFood (ООО «ИстФуд»),rop@eastfood.spb.ru,в,победитель A/B,EastFood: вопрос о новых клиентах,"Здравствуйте, Максим!

Меня зовут [Имя], я из Polza Agency. Увидели на сайте, что в 2025 году вы расширили зону доставки до посёлка Териберка и ваш самый дальний маршрут теперь длиннее 1500 км. Предполагаем, что продажи держатся на постоянной базе, а искать новые компании менеджерам некогда.

Мы берём холодные email-рассылки на себя: собираем и проверяем базу, пишем письмо под каждую компанию, а отделу продаж передаём только ответы заинтересованных.

Подскажите, пожалуйста, привлечение новых клиентов — это вопрос к вам или к кому-то из коллег?

Неактуально — ответьте «нет».

[Имя Фамилия], [должность]
Polza Agency",98
"«Еда36» (поставщик HoReCa, Воронеж)",director@eda-36.ru,в,победитель A/B,Еда36: вопрос о новых клиентах,"Здравствуйте, Виктор Владимирович!

Меня зовут [Имя], я из Polza Agency. Увидели на сайте, что вы держите для HoReCa постоянный ассортимент свыше 3000 наименований, доставляете в день заказа и работаете по контрактам с госучреждениями. Предполагаем, что продажи держатся на постоянной базе, а искать новые компании менеджерам некогда.

Мы берём холодные email-рассылки на себя: собираем и проверяем базу, пишем письмо под каждую компанию, а отделу продаж передаём только ответы заинтересованных.

Подскажите, пожалуйста, привлечение новых клиентов — это вопрос к вам или к кому-то из коллег?

Неактуально — ответьте «нет».

[Имя Фамилия], [должность]
Polza Agency",99
ООО «МИМ» (Тюмень),director@ooo-mim.ru,в,победитель A/B,МИМ: вопрос о новых клиентах,"Здравствуйте, Татьяна Владимировна!

Меня зовут [Имя], я из Polza Agency. Увидели, что в апреле 2026 вы побывали на выставке медицинского оборудования CMEF в Китае, встретились с давними поставщиками и познакомились с новыми. Предполагаем, что заказы идут с тендеров и через дистрибьюторов, а новым покупателям напрямую никто не пишет.

Мы берём холодные email-рассылки на себя: собираем и проверяем базу, пишем письмо под каждую компанию, а отделу продаж передаём только ответы заинтересованных.

Подскажите, пожалуйста, привлечение новых клиентов — это вопрос к вам или к кому-то из коллег?

Неактуально — ответьте «нет».

[Имя Фамилия], [должность]
Polza Agency",101
HNC,sales@hnc.su,а,вне теста,HNC: кто отвечает за новых клиентов?,"Здравствуйте!

Меня зовут [Имя], я из Polza Agency. Увидели, что преобразователь частоты HV320 вы предлагаете как бесшовную замену западных брендов для сетевых решений. Предполагаем, что заводы ищут замену западным брендам, но о вас как о поставщике знают не все.

Мы берём холодные email-рассылки на себя: собираем и проверяем базу, пишем письмо под каждую компанию, а отделу продаж передаём только ответы заинтересованных.

Подскажите, пожалуйста, кто у вас отвечает за новых клиентов и как с ним связаться? Обычно это коммерческий директор или руководитель отдела продаж.

Неактуально — ответьте «нет».

[Имя Фамилия], [должность]
Polza Agency",100
ТД Ункомтех,sales@uncomtech.com,а,вне теста,Ункомтех: кто отвечает за новых клиентов?,"Здравствуйте!

Меня зовут [Имя], я из Polza Agency. Увидели, что в сентябре 2026 вы выставлялись на первом «Иннопроме. Индия» как торговый представитель «Иркутсккабеля» и «Кирскабеля». Предполагаем, что продажи держатся на постоянных клиентах, а искать новых снабженцев заводов менеджерам некогда.

Мы берём холодные email-рассылки на себя: собираем и проверяем базу, пишем письмо под каждую компанию, а отделу продаж передаём только ответы заинтересованных.

Подскажите, пожалуйста, кто у вас отвечает за новых клиентов и как с ним связаться? Обычно это коммерческий директор или руководитель отдела продаж.

Неактуально — ответьте «нет».

[Имя Фамилия], [должность]
Polza Agency",102
Искролайн,sales@iskroline.ru,а,вне теста,Искролайн: кто отвечает за новых клиентов?,"Добрый день!

Меня зовут [Имя], я из Polza Agency. Увидели, что в июле 2026 вы добавили позиции для дооснащения спектрометров — «Торнадо-1» и «ДФС-Трио». Предполагаем, что между выставками поток запросов проседает, а сделки длинные и зависят от числа начатых разговоров.

Мы берём холодные email-рассылки на себя: собираем и проверяем базу, пишем письмо под каждую компанию, а отделу продаж передаём только ответы заинтересованных.

Подскажите, пожалуйста, кто у вас отвечает за новых клиентов и как с ним связаться? Обычно это коммерческий директор или руководитель отдела продаж.

Неактуально — ответьте «нет».

[Имя Фамилия], [должность]
Polza Agency",101
Ezhong Heavy Machinery,sales@ezhonggroup.com,а,вне теста,Ezhong: кто отвечает за новых клиентов?,"Здравствуйте!

Меня зовут [Имя], я из Polza Agency. Увидели, что в мае 2026 вы показывали на «Металлообработке» в Москве гидравлические трёх- и четырёхвалковые листогибочные вальцы и правильные машины. Предполагаем, что заказчиков в России вам дают в основном выставки, а между ними запросов мало.

Мы берём холодные email-рассылки на себя: собираем и проверяем базу, пишем письмо под каждую компанию, а отделу продаж передаём только ответы заинтересованных.

Подскажите, пожалуйста, кто у вас отвечает за новых клиентов и как с ним связаться? Обычно это коммерческий директор или руководитель отдела продаж.

Неактуально — ответьте «нет».

[Имя Фамилия], [должность]
Polza Agency",107
РИЦ Техносфера,knigi@technosphera.ru,а,вне теста,Техносфера: кто отвечает за новых клиентов?,"Здравствуйте!

Меня зовут [Имя], я из Polza Agency. Увидели, что 1 октября 2026 вы представили на форуме «Микроэлектроника 2026» новые книги серии «Мир фотоники» — к 20-летию журнала «Фотоника». Предполагаем, что заказчиков вам дают в основном выставки, а между ними запросов мало.

Мы берём холодные email-рассылки на себя: собираем и проверяем базу, пишем письмо под каждую компанию, а отделу продаж передаём только ответы заинтересованных.

Подскажите, пожалуйста, кто у вас отвечает за новых клиентов и как с ним связаться? Обычно это коммерческий директор или руководитель отдела продаж.

Неактуально — ответьте «нет».

[Имя Фамилия], [должность]
Polza Agency",104
Howfit Science,sales@howfit-press.com,а,вне теста,Howfit: кто отвечает за новых клиентов?,"Здравствуйте!

Меня зовут [Имя], я из Polza Agency. Увидели, что ваши скоростные прессы штампуют тонкие пластины роторов и статоров для моторов электромобилей и дронов. Предполагаем, что заказчиков в России вам дают в основном выставки, а между ними запросов мало.

Мы берём холодные email-рассылки на себя: собираем и проверяем базу, пишем письмо под каждую компанию, а отделу продаж передаём только ответы заинтересованных.

Подскажите, пожалуйста, кто у вас отвечает за новых клиентов и как с ним связаться? Обычно это коммерческий директор или руководитель отдела продаж.

Неактуально — ответьте «нет».

[Имя Фамилия], [должность]
Polza Agency",101
