код,тип_по_курсу,пример_входящего,срок_ответа,шаблон_номер,шаблон_текст,статус_лида,цепочка,следующий_шаг
A1,Положительный,"«да» на письмо 2 или 3; «интересно, давайте обсудим»; «это ко мне»",до 30 минут в рабочее время получателя,1,"{{имя_из_подписи}}, спасибо за ответ!

Предлагаем созвониться на 15 минут: покажем, как построили бы кампанию для вашей компании, и ответим на вопросы. [День, время] или [день, время] по вашему времени — удобно? Не подходит — назовите свой вариант.

Чтобы подготовиться, напишите в двух словах, какой продукт и каким компаниям вы хотите продавать в первую очередь.

[Имя Фамилия], [должность]
Polza Agency",Ответил: заинтересован,стоп,Созвон в одном из двух слотов; к созвону — 2–3 идеи по сегментам с сайта компании; после согласия — карточка лида (раздел 5)
A2,Положительный,"«пришлите подробности», «сколько стоит?»",до 30 минут в рабочее время получателя,2,"{{имя_из_подписи}}, спасибо за интерес!

Коротко, как работаем: выбираем сегмент, собираем и проверяем базу, пишем цепочку под каждую компанию, отправляем с отдельного прогретого домена, ответы заинтересованных передаём вашему отделу продаж. Подробнее — [ссылка на презентацию или кейс Polza Agency].

Стоимость зависит от сегмента и объёма базы: [вилка — от команды Polza]. Точную цифру назовём после 15 минут разговора: [день, время] или [день, время] — удобно?

[Имя Фамилия], [должность]
Polza Agency",Попросил дополнительную информацию,стоп,Ссылку и вилку даёт команда Polza; созвон на 15 минут
B1,Нейтральный,переадресация: назвали коллегу или «переслали руководителю»,до 2 рабочих часов,3а + 3б или 3в,"— Шаблон 3а —
Спасибо, что подсказали! Напишем коллеге и сошлёмся на вас. На этот адрес больше писать не будем.

[Имя Фамилия], [должность]
Polza Agency

— Шаблон 3б —
Тема: {{companyName}}: ваши коллеги подсказали написать вам

{{firstName}}, здравствуйте!

Меня зовут [Имя], я из Polza Agency. Ваши коллеги подсказали, что вопрос новых клиентов — к вам.

{{персонализация}} Мы берём холодные email-рассылки на себя: собираем и проверяем базу, пишем письмо под каждую компанию, а отделу продаж передаём только ответы заинтересованных.

Удобно ли созвониться на 15 минут: [день, время] или [день, время]? Если тема неактуальна, ответьте «нет» — больше не напишем.

[Имя Фамилия], [должность]
Polza Agency

— Шаблон 3в —
Спасибо, что переслали!

Если коллегам удобнее, чтобы мы написали им напрямую, подскажите имя или адрес — сошлёмся на вас. Если нет, заглянем в эту ветку через неделю: вдруг письмо потеряется по дороге.

[Имя Фамилия], [должность]
Polza Agency",Переадресация,стоп для адреса и домена,"3а — тому, кто подсказал; 3б — названному человеку и одно напоминание через 3 рабочих дня; контакта нет — 3в и проверка ветки через неделю; адрес не угадываем"
B2,Нейтральный,«позже» на письмо 3; «не сейчас»,в тот же рабочий день,4,"Спасибо, что ответили! Договорились: до [месяц] не беспокоим.

Чтобы вернуться с пользой, а не с тем же письмом, подскажите одно: что должно измениться к этому времени — сезон, бюджет, новый продукт?

[Имя Фамилия], [должность]
Polza Agency",Позже (nurture),"стоп, дата возврата","Дата возврата в CRM: не раньше чем через 60 дней или в срок, который назвал человек; дальше — nurture (раздел 8)"
B3,Нейтральный,«нужно согласовать с руководителем / партнёрами»,в тот же рабочий день,5,"Спасибо за ответ! Чтобы идею было проще показать руководителю, вот суть в трёх строках:
— что делаем: холодные email-рассылки под ключ, от базы до ответов заинтересованных;
— чем не рискуете: ваша рабочая почта не участвует, отправляем с отдельного домена;
— с чего начинаем: с тестовой недели.

Если удобнее, подключимся на 15 минут к вашему разговору и сами ответим на вопросы. Вернёмся к вам [дата] — хорошо?

[Имя Фамилия], [должность]
Polza Agency",Попросил дополнительную информацию,"стоп, напоминание",Предложить совместный звонок; напоминание в CRM на согласованную дату
B4,Нейтральный,"«отправьте материалы, я посмотрю»; вопрос-возражение: спам, законность, гарантии",в тот же рабочий день,6,"Спасибо за вопрос!

[2–3 предложения ровно на то, что спросили, — заготовки ниже.]

[Один материал по теме: кейс или пост Polza Agency, по возможности из той же отрасли.]

Если останутся вопросы, разберём их за 15 минут: [день, время] или [день, время]?

[Имя Фамилия], [должность]
Polza Agency",Попросил дополнительную информацию,"стоп, напоминание",Ответ по заготовкам шаблона 6 и один материал от команды Polza; напоминание в CRM на конкретную дату
C1,Отрицательный,"«нет» на письмо 1; «неинтересно», «неактуально»",в тот же рабочий день,7,"Спасибо, что ответили! Убрали вас из рассылки, больше не напишем.

Если не секрет, что не подошло: уже есть подрядчик, не тот момент или холодные письма — не ваш канал? Отвечать необязательно, но нам это поможет не беспокоить тех, кому тема не нужна.

[Имя Фамилия], [должность]
Polza Agency",Отказ,стоп + стоп-лист,Домен в стоп-лист до ответа; причина отказа — в CRM; после простого «нет» не возвращаемся
C2,Отрицательный,"«не пишите больше», «удалите из базы», «это спам», «откуда адрес?»","стоп-лист сразу, ответ в тот же день",8,"Здравствуйте! Удалили ваш адрес и весь домен из рассылки, писем от нас больше не будет.

Адрес мы взяли со страницы вашего сайта: {{email_source}}.

Извините за беспокойство.

[Имя Фамилия], [должность]
Polza Agency",Стоп-лист,"стоп навсегда, по домену",Домен в стоп-лист навсегда; имя и должность ЛПР удаляются из базы; причина — в CRM; жалоба на спам — в контроль репутации домена
C3,Отрицательный,"«уже есть решение», «работаем с другим подрядчиком», «делаем сами»",в тот же рабочий день,9,"Спасибо, что ответили! Раз канал у вас уже работает, навязываться не будем и из рассылки вас убираем.

Если захочется сверить подход или получить второй взгляд на цепочку — просто ответьте на это письмо.

[Имя Фамилия], [должность]
Polza Agency",Отказ,стоп + стоп-лист,Домен в стоп-лист; причина («есть подрядчик» или «делают сами») — в CRM
D1,Нет ответа,"письма открывали, ответа нет",—,"план Б, раздел 7",—,Без ответа,закончилась на письме 3,"План Б: один звонок на номер из колонки «Телефон», этим компаниям — в первую очередь"
D2,Нет ответа,ни одного открытия,—,"план Б, раздел 7",—,Без ответа,закончилась на письме 3,"Проверка доставляемости; в следующей волне, не раньше чем через 60 дней, — другой вариант темы и свежий факт"
E1,(вне курса),автоответ тикет-системы о регистрации обращения,не отвечаем,—,—,В цепочке,не останавливается,Ничего не отправляем; если сервис остановил цепочку — возвращаем шаг вручную; в Reply Rate не считаем
E2,(вне курса),автоответ об отпуске с датой возврата,не отвечаем,—,—,В цепочке,пауза до даты возврата + 2 рабочих дня,Следующее письмо — через 2 рабочих дня после даты возврата; в Reply Rate не считаем
E3,(вне курса),"письмо не доставлено, адрес не обслуживается",не отвечаем,—,—,Недоставлено,"стоп, адрес снят",Адрес снять; другой адрес — только с сайта компании и заново через валидатор; считается в Bounce Rate
