company,site,contact_role,email,email_source,segment,sales_signal,city
ГофроМир (ООО «Гофромир»),https://gofromir.ru,Заказ упаковки («для заказа упаковки»),order@gofromir.ru,https://gofromir.ru/contacts/,"Упаковка: гофротара, коробки с печатью",На главной раздел «Для оптовых клиентов» и кнопка «Рассчитать оптовую стоимость» — https://gofromir.ru/,Москва
Павлово-Посадский гофрокомбинат,https://www.ppgk.ru,Общий адрес (в форме есть пункт «Отдел продаж»),info@ppgk.ru,https://www.ppgk.ru/,Упаковка: гофрокартон и гофротара (производство),В форме обращения отдельные пункты «Отдел продаж (вопросы по заказу)» и «Отдел продаж (запрос на разработку упаковки)» — https://www.ppgk.ru/,Павловский Посад (МО)
ПЗПИ (ООО «ПЗПИ»),https://pzpi.ru,Отдел продаж,zakaz@pzpi.ru,https://pzpi.ru/services/contract-production/,"Упаковка: пластиковая тара и укупорка, контрактное производство","Отдельная линия «Отдел продаж», «Крупный опт ПНД, ПЭТ тары и укупорки», услуга контрактного производства — https://pzpi.ru/services/contract-production/",Воскресенск (МО)
Новастрейч,https://novastretch.ru,Приём заявок на продукцию,sales@novastretch.ru,https://novastretch.ru/contacts/,Упаковка: стрейч-плёнка и клейкие ленты (производство),Открыта вакансия «Менеджер отдела продаж» — https://novastretch.ru/jobs/,Санкт-Петербург
IP GROUP (ООО «ИнтроПластика»),https://introplastik.com,Общий адрес центрального офиса (через него оформляют оптовые заказы),info@introplastik.ru,https://introplastik.com/strejch-plenka,Упаковка: стрейч-плёнка (производство),"«Мы подготовим для вас коммерческое предложение…», индивидуальные условия для оптовиков, сетей и производств — https://introplastik.com/strejch-plenka",Орёл
Паклэнд,https://pack-land.ru,Общий адрес,info@pack-land.ru,https://pack-land.ru/proizvodstvo-strejch-plenki,Упаковка: стрейч-плёнка и упаковочные материалы,«Купить стрейч пленку от производителя оптом или в розницу» с доставкой по Москве и МО — https://pack-land.ru/proizvodstvo-strejch-plenki,Москва
PALLETOPTOM (ООО «Комплект»),https://palletoptom.ru,Общий адрес («Написать нам»),msk@palletoptom.ru,https://palletoptom.ru/,Упаковка: деревянные поддоны (производство),"Раздел «Запрос стоимости», поддоны «оптом и в розницу», доставка в любой регион России — https://palletoptom.ru/",Луховицы (МО)
Паллетснаб (ООО «Паллетснаб»),https://palletsnab.ru,Общий адрес,hello@palletsnab.ru,https://palletsnab.ru/proizvodstvo/,Упаковка: деревянные поддоны (производство),"Кнопка «Стать клиентом», продажа «в розницу, так и крупным оптом» по договору — https://palletsnab.ru/proizvodstvo/",Московская обл. (склады в Чехове и Ступине)
Балт-Паллет,https://www.balt-pallet.ru,Общий адрес (официальный e-mail),info@balt-pallet.ru,https://www.balt-pallet.ru/o-kompanii/index.htm,Упаковка: деревянные поддоны (производство),Отдельный телефон отдела продаж; «для постоянных клиентов и оптовых покупателей есть гибкая система скидок» — https://www.balt-pallet.ru/o-kompanii/index.htm,Санкт-Петербург
Картон-Сервис,https://kartons.ru,Общий адрес (заказы по России),info@kartons.ru,https://kartons.ru/contacts/,Упаковка: гофротара (производство и поставка),"Отдельные контакты для заказов по России, Москве и Калуге: «Любые размеры на заказ с доставкой по РФ»; кнопка «Оставить заявку» — https://kartons.ru/contacts/",Калуга
Типография «Этикетка для Вас» (label4u),https://label4u.ru,Общий адрес (ящик zakaz@),zakaz@label4u.ru,https://label4u.ru/,Упаковка: самоклеящиеся этикетки (флексопечать),«Оформите заявку — мы свяжемся с вами и пришлём коммерческое предложение»; на сайте открыта вакансия «Менеджер по работе с клиентами» — https://label4u.ru/,Москва
Подольский завод оборудования (ПЗО),https://p-z-o.com,Отдел продаж,sell@p-z-o.com,https://p-z-o.com/contacts,"Промоборудование: прессы, станки, металлообработка",Открыта вакансия «Менеджер по продажам оборудования»; есть программа «Стать дилером» — https://p-z-o.com/vakancii,Подольск (МО)
Волгоградский завод весоизмерительной техники (ВЗВТ),https://tdvzvt.ru,Отдел продаж,sales@vzvt.ru,https://tdvzvt.ru/contacts/,Промоборудование: промышленные весы (производство),Страница «Как стать дилером завода»: «Станьте дилером ВЗВТ и зарабатывайте вместе с нами» — https://tdvzvt.ru/company/stat-dilerom/,Волгоград
Мировое оборудование,https://ok-stanok.ru,Отдел продаж / работа с партнёрами,sales@ok-stanok.ru,https://ok-stanok.ru/page/31-dillers,"Промоборудование: переработка полимеров, чиллеры","Дилерская программа: «приглашает к сотрудничеству дилеров, агентов и отраслевых специалистов по всей России и СНГ» — https://ok-stanok.ru/page/31-dillers",Москва
Завод ЕКС (конвейерное оборудование),https://euroconveyor-st.ru,Общий адрес (ящик sales@),sales@euroconveyor-st.ru,https://euroconveyor-st.ru/,Промоборудование: конвейеры (производство),Онлайн-калькулятор конвейера: «скачайте готовое коммерческое предложение»; раздел «Партнерам» — https://euroconveyor-st.ru/,Москва
ГК «Велунд Сталь»,https://gkws.ru,Московский офис (почта для заявок),moscow@gkws.ru,https://gkws.ru/proizvodstvo-konvejernogo-oborudovaniya/,"Промоборудование: металлообработка, конвейеры",Кнопка «Запросить КП» на странице услуги производства конвейеров — https://gkws.ru/proizvodstvo-konvejernogo-oborudovaniya/,Москва
ООО «Траяна» (завод конвейеров),https://zavod-conveyer.ru,Общий адрес (заявки на КП и смету),trayana@zavod-conveyer.ru,https://zavod-conveyer.ru/,Промоборудование: конвейеры (производство),Кнопка «Заказать расчёт конвейера» и форма «Получите КП и смету»; раздел «Партнёрам» — https://zavod-conveyer.ru/,Москва
Донвард – Гидравлические системы,https://donvard.ru,Отдел продаж,info@donvard.ru,https://donvard.ru/contacts/,Промоборудование: гидравлика (производство),"Отдельный телефон отдела продаж, кнопка «Запросить прайс-лист», «Работаем по всей России» — https://donvard.ru/",Ижевск
ЕВРОТЕК,https://eurotechspb.com,Общий адрес (ящик sales@),sales@eurotechspb.com,https://eurotechspb.com/,Промоборудование: гидравлика (производство и продажа),Открыта вакансия в отдел продаж: «Менеджер по работе с клиентами» — https://eurotechspb.com/company/vacancy/,Санкт-Петербург
Завод трубопроводной арматуры «Динамика»,https://dinamika1.ru,Отдел продаж,info@dinamika1.ru,https://dinamika1.ru/,Промоборудование: трубопроводная арматура (производство),Email подписан «Отдел продаж»; продукция «по оптовым ценам в комплексной комплектации» — https://dinamika1.ru/,Казань
Российский завод трубопроводной арматуры (РЗТА),https://rzta.ru,Общий адрес,info@rzta.ru,https://rzta.ru/kontakty/,Промоборудование: трубопроводная арматура,«Оформите заявку и получите скидку до 10% на первый заказ» — активно привлекают новых клиентов — https://rzta.ru/kontakty/,Люберцы (МО)
Челнинский арматурный завод (ЧАЗ),https://chelaz.ru,Отдел продаж (общий ящик),info@chelaz.ru,https://chelaz.ru/contacts/,Промоборудование: трубопроводная арматура (производство),Раздел «Как стать дилером» — завод развивает дилерскую сеть — https://chelaz.ru/about/kak-stat-dilerom/,Набережные Челны (пункт выдачи в Москве)
ТД «Подшипник Трейд»,https://podtrade.ru,Общий адрес,info@podtrade.ru,https://podtrade.ru/contact/,Промдистрибуция: подшипники,"Блок «Для юрлиц»: «Оптовая система скидок», B2B-кабинет, филиалы в регионах — https://podtrade.ru/",Московская обл. (Томилино)
ПК «Ленинградский Подшипник»,https://ooo-lp.ru,Отдел продаж,info@ooo-lp.ru,https://ooo-lp.ru/kontakty.html,Промдистрибуция: подшипники (производство и опт),"В шапке сайта «Оптовая продажа подшипников», email подписан «Отдел продаж» — https://ooo-lp.ru/",Санкт-Петербург
10-ГПЗ (ООО «10-ГПЗ»),https://10-gpz.ru,Общий адрес,10-gpz@10-gpz.ru,https://10-gpz.ru/,Промдистрибуция: подшипники (производство и опт),«Обратитесь в отдел продаж… формировать даже самые крупные оптовые партии» — https://10-gpz.ru/postavka_podshipnikov/,Ростов-на-Дону
ПромБеринг,https://www.prombearing.ru,Общий адрес,info@prombearing.ru,https://www.prombearing.ru/contacts/,Промдистрибуция: подшипники,Отдельный B2B-раздел и кнопка «Получить оптовый прайс» — https://www.prombearing.ru/b2b/,Санкт-Петербург
ОПМ (московское подразделение),https://msk.opm.ru,Общий адрес московского подразделения,msk@opm.ru,https://msk.opm.ru/about/,Промдистрибуция: крепёж и метизы,Открыта вакансия «Менеджер по продажам»: оптовая торговля крепежом для промышленных предприятий — https://msk.opm.ru/about/vacansy/,Москва
РСК «Роскрепеж»,https://rskcorp.ru,Общий адрес (ящик sales@),sales@rskg.ru,https://rskcorp.ru/kontakty,Промдистрибуция: крепёж и метизы,Блок «Оптовикам и комплектовщикам»: особые условия сотрудничества для оптовиков — https://rskcorp.ru/,Санкт-Петербург
ОПТИМА КРЕПЕЖ,https://opt-krep.ru,Приём заявок («Отправьте заявку на zakaz@…»),zakaz@opt-krep.ru,https://opt-krep.ru/,"Промдистрибуция: крепёж, такелаж, электроинструмент","«Оптовый поставщик крепежных изделий в России», кнопка «Отправить заявку» — https://opt-krep.ru/",Москва
