company,имя_ЛПР,должность_ЛПР,источник_имени
СОЛВО (ООО «СОЛВО»),Мария Оленникова,Директор по маркетингу,https://solvo.ru
TEAMLY,Владимир Манеров,Исполнительный директор,https://teamly.ru/contacts/
Интегрус (ООО «Интегрус»),Пётр Дзюба,Генеральный директор,https://integrus.ru/kontakty
Интелком (ООО «Интелком»),Пальцев Михаил Витальевич,Генеральный директор,https://rosintelcom.ru/contacts/
Дженерал Смета (ООО «Дженерал Смета»),Павлов Леонид Викторович,"Руководитель отдела продаж, специалист по тендерам",https://gensmeta.ru/about/nashi-sotrudniki.html
Сикрет Технолоджис (ООО «Сикрет Технолоджис»),Бондаренко Леонид Григорьевич,Генеральный директор,https://secretgroup.ru/rukovodstvo/
iGrids,Екатерина Николаевна Егорова,Начальник отдела подготовки предложений и маркетинга,https://igrids.ru/company/staff/
Vkorpe (ООО «Вкорпе»),Андреев Сергей Сергеевич,Руководитель отдела (Корпоративный отдел),https://vkorpe.ru/team/
АМКАД,Александр Газизулин,Генеральный директор,https://amcad.ru/company/staff/
Южная Софтверная Компания (ГК ЮСК),Виталий Фуников,Исполнительный директор,https://usk.ru/company/staff/
АСАП Разработка (ООО «АСАП Разработка»),Валерий Воробьев,Генеральный директор,https://asapcg.ru/contacts/
Network Solutions (ООО «Нетворк Солюшнс»),Кирилл Левин,Заместитель директора по коммерческой деятельности,https://networkss.ru/about/
Кибер Стратегия (ООО «Кибер Стратегия»),Павел Стригин,Коммерческий директор,https://cyber-strategy.ru/contacts/
Технологии учета,Павлов Александр Сергеевич,Генеральный директор,https://tu-don.ru/company/staff/
АЙТИС,Алексей Олегович Пятковский,Директор,https://aitis.pro/company/staff/
Крипта (ООО «Крипта»),Маркевич Станислав Анатольевич,Генеральный директор,https://kripta.ru/company/staff/
Центр консалтинговых проектов (ООО «Центр консалтинговых проектов»),Бетева Оксана Анатольевна,Генеральный директор,https://it-murman.ru/company/management
Интерволга,Даниил Нестеров,Руководитель коммерческого отдела,https://www.intervolga.ru/contacts/
Аспро,Ярослав Егоров,Директор по продажам,https://aspro.ru/company/staff/head/yaroslav-egorov/
Клеверенс,Никита Григорьев,Руководитель отдела маркетинга,https://www.cleverence.ru/press-center/
Пиксель Плюс,Александр Лунин,Руководитель отдела продаж SEO и рекламы,https://pixelplus.ru/studio/team/head/aleksandr-lunin.html
Никольская Консалтинг,Алексей Рудяк,Управляющий партнёр,https://nikolskaya.ru/persons/aleksej-rudyak
Консалтинговая Группа ЭТАЛОН,Борискова Ольга Викторовна,Руководитель отдела развития,https://www.etalon-cons.ru/komanda/
Адвокатское бюро «Качкин и Партнеры»,Мария Романчева,Директор по развитию,https://kachkin.ru/press/contact/
Коллегия адвокатов «Регионсервис»,Анна Жолобова,"Управляющий партнер офиса Коллегии в г. Москве, руководитель практики «Недвижимость и строительство»",https://regionservice.com/team/anna-zholobova/
Адвокатское бюро «Трубор»,Кирилл Труханов,Управляющий партнер,https://trubor.ru/team/
HLB Внешаудит (АО «Эйч Эл Би Внешаудит»),Ольга Вячеславовна Митянина,Генеральный директор,https://vneshaudit.ru/about/rukovoditeli/
RRG (Группа компаний RRG),Денис Колокольников,Генеральный директор,https://rrg.ru/contacts.php
ООО «Первая Комплексная Регистрационная Компания» (ПКРК),Слободенюк Анна,Руководитель отдела продаж,https://fcrc.ru/
MidlandHunt,Марина Степанова,Управляющий директор,https://midlandhunt.com/team/
ProPersonnel,Татьяна Долякова,Основатель,https://propersonnel.ru/
Regroup,Оксана Морсина,"Управляющий партнер, Глава практики подбора руководителей высшего звена",https://regroups.ru/solution/executivesearch/
НПФ ЭИТЭК,Нигматуллин Виль Ришатович,Генеральный директор,https://eitec.ru/o-kompanii/rukovodstvo/
АЛЬФА ИНЖИНИРИНГ,Волегов Владимир Сергеевич,Коммерческий директор,https://alfamatic.ru/company/staff/
Учебный экспертный центр «Строитель»,Андрей Валерьевич Прикмета,Генеральный директор,https://ucstroitel.ru/contacts/
Лаборатория промышленной безопасности,Манойлова Мария Михайловна,Директор,https://labrf.ru/kontakty/
ООО «Автоматизация Производств» (apdar.ru),Дмитрий Рождественский,Директор,https://apdar.ru/company/vacancy/team/
ООО «ЭДС» (Екатеринбург),Шенявский Владимир Викторович,Генеральный директор,https://edc-ekb.ru/about/
ГК Волгаэнергопром,Алексеева Татьяна,Директор по маркетингу,https://gcvep.ru/
ЗАО «ПО «Муромский завод трубопроводной арматуры» (МЗТА),Пупков Александр Сергеевич,Коммерческий директор,https://mztpa.ru/contacts
ООО «Челябинский завод электрооборудования» (ЧЗЭО),Лоскутников Владимир,Коммерческий директор,https://www.chelzeo.ru/contacts/
Компрессорный завод «АРСМАШ» (марка ЗИФ),Максимов Дмитрий Юрьевич,Коммерческий директор,http://zif.su/contacts/
ООО «Компрессорный завод» (Краснодар),Корнеев Андрей Викторович,Коммерческий директор,https://compressor-zavod.ru/kontaktnaya-informatsiya_kqygcrm
НПП «Завод МДУ»,Драничников Алексей Владимирович,Коммерческий директор,https://zavodmdu.ru/contacts/
ООО «Челябинский завод «Теплоприбор» (ЧТП),Дорошко Владимир Владимирович,Коммерческий директор,https://tpchel.ru/contacts/
ОАО «Манотомь» (Томский манометровый завод),Николаев Олег Владиславович,Начальник отдела продаж,https://manotom.com/contacts/company/
ООО Конструкторское бюро «АГАВА»,Эрман Георгий Зиновьевич,Генеральный директор,http://kb-agava.ru/contact
АО «Электропровод»,Жаров Алексей Алексеевич,Руководитель отдела продаж,https://elprovod.ru/contact
ООО «ТЕРМОТРОНИК»,Столяров Андрей Николаевич,Коммерческий директор,https://termotronic.ru/contacts/
ООО «Канмаш ДСО» (Канашский машиностроительный завод),Митюков Федор Валерьевич,Коммерческий директор,http://kanmash.ru/kontakty.html
ПАО «Пензмаш»,Недвига Юлия Анатольевна,Начальник отдела маркетинга,https://penzmash.ru/contacts/
ООО «УТЗ» (Уральский Трубопроводный Завод),Пономарев Дмитрий Вячеславович,Коммерческий директор,https://utz-arm.ru/company/staff/
ООО «СНОЛ-ТЕРМ»,Ядров Артем Михайлович,Коммерческий директор,https://snol-term.ru/kontakty/
ООО «ЭКРОСХИМ» (ГК «ЭКРОС»),Пашнин Денис Аркадьевич,Коммерческий директор,https://ecohim.ru/contacts/
"КомплектСнаб (ИНН 5020086372, по реквизитам на сайте)",Акименко Дмитрий Олегович,Коммерческий директор,https://ks20.ru/contact-us
ООО «Сигм плюс инжиниринг»,Петровский Александр,Руководитель отдела продаж,https://massflow.ru/contacts/
ООО «БЗПА»,Калугина Вера Сергеевна,Директор по продажам,https://bzpa.ru/company/team/
ООО «ММП-Ирбис»,Лукин Анатолий Владимирович,Генеральный директор,https://mmp-irbis.ru/contacts/
ООО «Бранум» (сайт «Фаворит-Электро»),Дмитрий Пономарев,Руководитель отдела проектных продаж,https://f-elres.ru/contacts/
ООО «ЭЛМАТЕК»,Ян Боксинер,Генеральный директор,https://elmatec.ru/i/about/
ГК «СИМБИО»,Морару Андрей Семенович,Коммерческий директор,https://simbio.ru/mdzh/kontakty/
ООО «Током-Элит»,Титкова Мария,Директор по продажам,https://tokomelit.ru/kontakty/
ООО «БиэМСи-Фуд ингредиентс» (BMC-Food),Мэлине Мурадян,Руководитель отдела продаж,https://bmc-food.ru/
Технопак-Флекс (ООО «Технопак-Флекс»),Смолин Константин Викторович,Коммерческий директор,http://technopack.spb.ru/?page_id=17
Packovalli (ООО «Эстроком»),Александр Бодров,Руководитель отдела продаж,https://packovalli.com/contacts/
"Еникс (ООО «ЕНИКС», Enix.ru)",Николай Миллер,Директор по продажам,https://enix.ru/o-kompanii
Завод «Краски КВИЛ» (ООО «Завод Краски КВИЛ»),Ковалев Олег Владимирович,Директор по развитию направления промышленных материалов и КС,https://kvil.ru/contacts/
НПФ «ТехноТранс» (ООО НПФ «Технотранс»),Дедов Андрей Михайлович,Руководитель отдела «Дорожно-строительной техники» (коммерческий отдел),https://xn--80ajybdmjbd1a.xn--p1ai/managment
"УралСпецТранс (ООО «Урал СТ», бренд SEVEREST)",Лапшов Константин Федорович,Руководитель отдела продаж,https://severest.ru/contacts/
Грузовые Прицепы (ООО «Грузовые Прицепы»),Алексей Шумилков,Коммерческий директор,https://gruz-pricepy.ru/kontakty/
Компания Логистик Пак (ООО «Компания Логистик Пак»),Анна Магрицкая,Коммерческий директор,https://onsklad.ru/company/staff/
RFL (reFresh Logic),Ольга Муллаярова,Коммерческий директор,https://www.fresh-logic.ru/o-nas
ПОЛИТЭК (ООО «Политэк»),Покладов Александр,Коммерческий директор,https://politec.su/
Optimalog (ООО «Оптима лог»),Михаил Зимненко,Руководитель отдела продаж,https://optimalog.ru/company/staff/
КаргоМодуль,Шамхан Алексей Михайлович,Коммерческий директор,https://cargomodul.ru/management/
UNEX (Unex Перевозки и Логистика),Богдан Кудаев,Коммерческий директор,https://unexspb.ru/
ООО «Предприятие «ФЭСТ»,Балуева Екатерина Юрьевна,Коммерческий директор,https://festltd.ru/contacts
ООО «Медицинские изделия» (Казань),Хабирова Регина,Начальник отдела продаж,https://medizdelie.ru/contacts/
АО «ДЗМО» (Досчатинский завод медицинского оборудования),Леонид Лебедев,Коммерческий директор,https://dzmo.ru/contacts/
«Адвамедикс» (Advamedics),Елена Никулина,Коммерческий директор,https://advamedics.ru/company/staff/
ООО «Сувенирная компания» (бренд «Адверти»),Аполлонова Наталья,Руководитель отдела продаж,https://adverti.ru/contacts.html
ООО «МДМпринт»,Андрей Курятов,Руководитель отдела продаж,https://mdmprint.ru/contacts/
"Sunprint (типография, Москва)",Кравченко Дмитрий,Директор,https://sunprint.ru/contacts.html
"Типографский комплекс «Девиз» (ГК «Девиз»: ООО «Принт», ООО «Издательство «ДА»)",Имамназаров Илья Анварович,Коммерческий директор,https://npt.ru/kontakty/rukovodstvo/
FreshOffice (ООО «Свежие решения»),Игорь Сугнач,CEO и Основатель,https://www.freshoffice.ru/contacts
Стахановец,Дмитрий Исаев,Исполнительный директор,https://stakhanovets.ru/o-kompanii/
ROCCS (ООО «ИТЦ «РОККС»),Дмитрий Шилин,Директор,https://roccs.ru/contacts/
Mavlad,Алексей Владимирович Малофеев,Генеральный директор,https://mavlad.ru/informatsiya/staff/
ООО «Технологии Без Границ» (ТБГ),Приходько Дмитрий Анатольевич,Директор,https://techwb.ru/o-kompanii/
НЕРАЗРУШАЮЩИЙ КОНТРОЛЬ,Анна Александровна Чебыкина,Коммерческий директор,https://ncontrol.ru/o_kompanii/sotrudniki
ООО «Компрессор Центр»,Игорь Волков,Коммерческий директор,https://prokompressor.ru/company/staff/
ООО «Ижевский кузнечно-механический завод» (ИКМЗ),Брагин Олег Иванович,Коммерческий директор,https://ikmz.ru/contacts/
10-ГПЗ (ООО «10-ГПЗ»),Фоменко Евгений Игоревич,Коммерческий директор,https://10-gpz.ru/kontakty/
EastFood (ООО «ИстФуд»),Максим Васильев,Руководитель ОП (отдела продаж),https://eastfood.spb.ru/
"«Еда36» (поставщик HoReCa, Воронеж)",Мешалкин Виктор Владимирович,Директор,https://eda-36.ru/pages/contacts/
ПЗПИ (ООО «ПЗПИ»),Вижанский Алексей Самойлович,Директор,https://pzpi.ru/company/staff/vizhanskiy-aleksey-samoylovich/
ООО «МИМ» (Тюмень),Красуцкая Татьяна Владимировна,Коммерческий директор,https://ooo-mim.ru/company/kontakty3
ООО Торговый Дом «Айболит» (ТД Айболит),Ильин Вячеслав Абрамович,Директор,https://aybolit2000.ru/contacts/
