"company","email","site","проверка","что_не_так","исправленный_сайт","исправленный_email","персонализация","источник"
"Mingwen Intelligent","sales01@mgwmachine.com","mgwmachine.com","OK","Подмены нет: mgwmachine.com — Zhejiang Mingwen Intelligent Technology, связка сайт+email совпадает с карточкой компании в каталоге «Металлообработка-2024». Нюанс: на текущем сайте sales01@ не опубликован, там указан другой общий ящик на втором домене компании — sales02@machinetool-factory.com (его стоит добавить как запасной).","— (англ. версия: machinetool-factory.com)","sales02@machinetool-factory.com (запасной, опубликован на сайте)","Mingwen выросла из небольшой мастерской по модернизации станков (2004) в производителя роторных многошпиндельных агрегатных станков; по данным самой компании, в производстве газового оборудования её роторные станки занимают около 70% рынка.","https://www.mgwmachine.com/ ; https://www.machinetool-factory.com/"
"HNC","sales@hnc.su","hnc.su","OK","Подмены нет: sales@hnc.su опубликован на сайте и совпадает с каталогом «Металлообработка-2024». Нюанс: hnc.su ведёт ООО «Автоматизация и Приводные Решения» (ИНН 7720865339), официальный дистрибьютор китайской HNC Electric в РФ, так что писать нужно российской компании, а не заводу.","—","—","HNC продвигает частотный преобразователь HV320 как «бесшовную замену западных брендов» с поддержкой EtherCAT и Profinet, а в феврале 2026 добавила в линейку ЧПУ Auctech M6 для 5-осевой интерполяции.","https://hnc.su/ ; https://hnc.su/o-proizvoditele"
"Tengzhong Machinery","sales01@nttzmt.com","uncomtech.ru","ПЕРЕПУТАНО","Сайт чужой: uncomtech.ru — ТД «Ункомтех», российский поставщик кабеля (компания из строки 5). Почтовый домен правильный: nttzmt.com — Nantong Tengzhong Machinery. Но на сайте компании ящик пишется sale01@ (без «s»), а sales01@ встречается только в каталоге «Металлообработка-2024», где у Tengzhong не заполнено поле «сайт». Видимо, пустое поле и заполнили чужим сайтом.","nttzmt.com (англ.: en.nttzmt.com)","sale01@nttzmt.com (опубликован на сайте; на англ. версии также tengzhong@nttzmt.com)","Nantong Tengzhong (Хайань, провинция Цзянсу, с 2009 г.) выпускает под своим брендом гильотины, листогибы и вальцы, экспортирует в Юго-Восточную Азию, Южную Америку и на Ближний Восток и обещает сервисный выезд за 48 ч по Китаю и 72 ч по миру.","http://en.nttzmt.com/ ; http://www.nttzmt.com/"
"Tesid Equipment","sales@unimach.ru","unimach.ru","ПЕРЕПУТАНО","И сайт, и email принадлежат другой компании — Unimach (ООО «НПК Морсвязьавтоматика», Санкт-Петербург, лазерные станки); о Tesid на unimach.ru ничего нет. Tesid — это Beijing TESID Equipment Co., Ltd (прецизионные шлифовальные станки), сайт tesid.cn. Почтовый домен у них отличается от сайта (tsdgroup.com.cn), но адрес опубликован на tesid.cn и совпадает с каталогом «Металлообработка-2024».","tesid.cn","sales@tsdgroup.com.cn","Beijing TESID делает прецизионные двусторонние шлифовально-доводочные станки (флагманскую серию TDG выпустили в 2021 г.) для гидравлики, RV-редукторов и твердосплавных пластин; в 2025 г. их производство посетил CEO DMG MORI.","https://tesid.cn/en/ ; https://tesid.cn/en/index.php/aboutus/"
"ТД Ункомтех","sales@thebestcnc.com","saintymachine.com","ПЕРЕПУТАНО","Ни email, ни сайт к Ункомтеху не относятся: thebestcnc.com — Shandong Ouka (Цзинань, станки плазменной резки и сварочное оборудование), а saintymachine.com — Jiangsu Sainty Machinery (станки и пищевое оборудование); этот же сайт стоит в строке 11. Настоящий сайт Ункомтеха — uncomtech.ru (по ошибке попал в строку 3). Почтовый домен у них .com при сайте .ru, это не ошибка: на странице контактов для покупки кабеля указан sales@uncomtech.com.","uncomtech.ru","sales@uncomtech.com","У «Ункомтеха» два собственных завода — «Кирскабель» (история с 1729 г.) и «Иркутсккабель»; компания заявляет единственный на российском рынке силовой кабель на 500 кВ с изоляцией из сшитого полиэтилена, а в сентябре 2026 выставлялась на первом «Иннопроме. Индия».","https://www.uncomtech.ru/ ; https://www.uncomtech.ru/contacts/"
"JAT Cemented Carbide","sales@jillionsupply.com","jillionsupply.com","ПЕРЕПУТАНО","Сайт и email не JAT: jillionsupply.com — магазин запчастей для промавтоматики (Lenze, Heidenhain, Siemens и др.). В каталоге «Металлообработка-2024» эти данные указаны у Rogen Technologies, то есть названия в строках 6 и 7 поменяны местами. Кроме того, в меню jillionsupply.com вшиты спам-ссылки на сторонние магазины товаров для взрослых, похоже на взлом или SEO-спам. Данные JAT стоят в строке 7: у Zhuzhou JAT Cemented Carbide два сайта (jat-carbide.com и jatcarbide.com), и оба публикуют sales@jatcarbide.com.","jat-carbide.com (второй сайт компании: jatcarbide.com)","sales@jatcarbide.com","Zhuzhou JAT делает твердосплавные пластины из сырья H.C. Starck, наносит покрытие на оборудовании Balzers и прессует на швейцарских прессах Osterwalder; у компании больше 400 пресс-форм фрезерных пластин, которые она позиционирует как замену японским и корейским брендам.","https://www.jat-carbide.com/ ; https://www.jatcarbide.com/"
"Rogen Technologies","sales@jatcarbide.com","jat-carbide.com","ПЕРЕПУТАНО","Сайт и email принадлежат JAT Carbide (см. строку 6): названия в строках 6 и 7 поменяны местами. В каталоге «Металлообработка-2024» Rogen указывал jillionsupply.com, но там имя Rogen нигде не упоминается (и на сайте спам-ссылки). Собственный сайт компании — rogentech.com («Rogen Technologies China»), на нём опубликован sales@rogentech.com, MX у домена есть.","rogentech.com","sales@rogentech.com","Rogen Technologies China выпускает прецизионные и серводвигатели, редукторы, актуаторы, датчики и промышленных роботов; среди продуктов есть нишевые — высокотемпературный мотор Φ38 мм и драйвер для скважинных электрогидравлических систем.","https://www.rogentech.com/"
"Искролайн","sales@iskroline.ru","iskroline.ru","OK","Ловушки нет: название, сайт и sales@iskroline.ru совпадают, адрес опубликован на сайте.","—","—","Спектрометры «Искролайн» внесены в госреестры средств измерений России, Беларуси и Казахстана; модель 250К анализирует больше 70 элементов в диапазоне 167–800 нм, а «Искролайн 1000» — новая дуговая модель для геологического и экологического анализа.","https://www.iskroline.ru/"
"Jimmy CNC Tool","sales@jimmytool.com","jimmytool.com","OK","Подмены нет: jimmytool.com — Dongguan JimmyTool, адрес на домене компании и совпадает с каталогом «Металлообработка-2024». Но адрес устарел: на сайте и в каталоге «Металлообработка-2026» компания сама указывает info@jimmytool.com, а sales@ нигде не опубликован. Для рассылки лучше info@.","—","info@jimmytool.com","JimmyTool (Дунгуань, с 2008 г.) делает твердосплавные концевые фрезы: складские позиции отгружает в день заказа, а нестандартный инструмент по чертежу — партиями от 10 штук и в срок от недели.","https://jimmytool.com/ ; https://jimmytool.com/contact-us/"
"Ezhong Heavy Machinery","sales@ezhonggroup.com","ezhonggroup.com","OK","Ловушки нет: sales@ezhonggroup.com опубликован на странице контактов; юрлицо на сайте — Hubei Heavy Industry Equipment Co. / EZHONG Heavy Machinery.","—","—","EZHONG (Эчжоу, провинция Хубэй) называет себя одним из крупнейших в Китае производителей вальцов и листоправильных машин; среди свежих кейсов — тяжёлые вальцы EZW11SY-200/4500 для Lamprell под производство ветробашен.","https://www.ezhonggroup.com/ ; https://www.ezhonggroup.com/contact-us/"
"Shixinghong Precision","swyct@126.com","saintymachine.com","ПЕРЕПУТАНО","Две подмены. 1) swyct@126.com — бесплатный ящик NetEase, и в каталогах «Металлообработка-2025/2026» он указан у другой компании, Si Shui Chun Jing Machinery (Шаньдун, метчики и свёрла). 2) saintymachine.com — сайт Jiangsu Sainty Machinery, тот же, что в строке 5 (один сайт на две разные компании). Настоящий сайт Shenzhen Shixinghong Precision Machinery — en.szshixinghong.com, общий адрес sxh@szshixinghong.com (есть и на сайте, и в каталоге 2024).","en.szshixinghong.com","sxh@szshixinghong.com","Shixinghong держит R&D в Шэньчжэне, а производство — в Дунгуане (около 80 тыс. м²) и Чунцине; выпускает восемь линеек станков, от 5-осевых обрабатывающих центров до токарных, и имеет больше 80 патентов.","https://en.szshixinghong.com/Company.html"
"Internor Machinery","sales@internor.com.cn","internor-mach.com","OK","Ложная тревога: домены разные (сайт internor-mach.com, почта internor.com.cn), но sales@internor.com.cn опубликован в подвале официального сайта, у домена есть MX (корпоративная почта NetEase), и связка совпадает с каталогом «Металлообработка-2024» (Tianjin Internor Machinery Equipment).","—","—","Tianjin Internor (с 2008 г.) делает оборудование для влажной пескоструйной, дробеструйной и дробемётной обработки; отдельная линейка «Гепард» — машины для скругления кромок твердосплавных пластин и подготовки их к PVD/CVD-покрытию, а основатели пришли из компании, которая работает с 1988 г.","http://www.internor-mach.com/"
"РИЦ Техносфера","sales@technosphera.ru","technosphera.ru","OK","Подмены нет: technosphera.ru — АО «РИЦ „Техносфера“» (издательство и журналы), sales@technosphera.ru совпадает с каталогом «Металлообработка-2024», MX у домена есть. Нюанс: на самом сайте sales@ не опубликован, общий адрес книжного направления — knigi@technosphera.ru (запасной).","—","knigi@technosphera.ru (запасной, опубликован на сайте)","«Техносфера» с 1996 г. издаёт научно-техническую литературу и журналы, в том числе «Станкоинструмент» и «Фотонику»; серию «Мир станкостроения» запустили в 2016 г. вместе с Минпромторгом, а на форуме «Микроэлектроника 2026» представили новую серию «Мир микроэлектроники».","https://www.technosphera.ru/ ; https://www.technosphera.ru/page/books_about"
"Howfit Science","sales@howfit-press.com","howfit-press.com","OK","Ловушки нет: sales@howfit-press.com опубликован на сайте Howfit Science and Technology Co., Ltd.","—","—","Howfit (провинция Гуандун, с 2006 г.) делает скоростные прецизионные прессы для штамповки тонких пластин роторов и статоров электродвигателей, от электромобилей до БПЛА; у компании 48+ патентов и 70 000 м² производственных площадей.","https://www.howfit-press.com/"
"Fengyi Yinhu","sales@fengyitool.com","fengyitool.com","OK","Подмены нет: fengyitool.com — Fengyi Yinhu (Chengdu) NC Tools. На сайте указан только ящик, похожий на именной (такие не собираем), но sales@fengyitool.com компания сама указала в каталогах «Металлообработка-2024» и «Металлообработка-2026»; MX у домена есть (Tencent).","—","—","Fengyi (Чэнду, с 1997 г.) специализируется на резьбовом инструменте, в том числе на пластинах под API-резьбы обсадных труб для резьбонарезных станков Colinet, и недавно вывела сборные свёрла со сменной головкой QuickDrill.","http://en.fengyitool.com/ ; http://www.fengyitool.com/"
