company,компания_в_письме,email,site,проверка,что_не_так,исправленный_сайт,исправленный_email,персонализация,источник,сегмент,язык_письма,триггер,Гипотеза_боли
Mingwen Intelligent,Mingwen,sales01@mgwmachine.com,mgwmachine.com,OK,"Подмены нет: mgwmachine.com — Zhejiang Mingwen Intelligent Technology, связка сайт+email совпадает с карточкой компании в каталоге «Металлообработка-2024». Нюанс: на текущем сайте sales01@ не опубликован, там указан другой общий ящик на втором домене компании — sales02@machinetool-factory.com (его стоит добавить как запасной).",— (англ. версия: machinetool-factory.com),"sales02@machinetool-factory.com (запасной, опубликован на сайте)","Увидели на сайте, что ваши роторные агрегатные станки занимают, по вашим данным, 70% рынка в производстве газового оборудования.",https://www.mgwmachine.com/index.php/about-us/,китайский производитель-экспонент,EN,экспонент Металлообработки-2024,"Предполагаем, что заказчиков в России вам дают в основном выставки, а между ними запросов мало."
HNC,HNC,sales@hnc.su,hnc.su,OK,"Подмены нет: sales@hnc.su опубликован на сайте и совпадает с каталогом «Металлообработка-2024». Нюанс: hnc.su ведёт ООО «Автоматизация и Приводные Решения» (ИНН 7720865339), официальный дистрибьютор китайской HNC Electric в РФ, так что писать нужно российской компании, а не заводу.",—,—,"Увидели, что преобразователь частоты HV320 вы предлагаете как бесшовную замену западных брендов для сетевых решений.",https://hnc.su/,российский дистрибьютор или производитель,RU,экспонент Металлообработки-2024,"Предполагаем, что заводы ищут замену западным брендам, но о вас как о поставщике знают не все."
Tengzhong Machinery,Tengzhong,sales01@nttzmt.com,uncomtech.ru,ПЕРЕПУТАНО,"Сайт чужой: uncomtech.ru — ТД «Ункомтех», российский поставщик кабеля (компания из строки 6). Почтовый домен правильный: nttzmt.com — Nantong Tengzhong Machinery. Но на сайте компании ящик пишется sale01@ (без «s»), а sales01@ встречается только в каталоге «Металлообработка-2024», где у Tengzhong не заполнено поле «сайт». Видимо, пустое поле и заполнили чужим сайтом.",nttzmt.com (англ.: en.nttzmt.com),sale01@nttzmt.com (опубликован на сайте; на англ. версии также tengzhong@nttzmt.com),"Увидели, что ваши гильотины и листогибы уходят в Юго-Восточную Азию, Южную Америку и на Ближний Восток, а сервис вы обещаете за 72 часа по миру.",http://en.nttzmt.com/,китайский производитель-экспонент,EN,экспонент Металлообработки-2024,"Предполагаем, что заказчиков в России вам дают в основном выставки, а между ними запросов мало."
Tesid Equipment,Tesid,sales@unimach.ru,unimach.ru,ПЕРЕПУТАНО,"И сайт, и email принадлежат другой компании — Unimach (ООО «НПК Морсвязьавтоматика», Санкт-Петербург, лазерные станки); о Tesid на unimach.ru ничего нет. Tesid — это Beijing TESID Equipment Co., Ltd (прецизионные шлифовальные станки), сайт tesid.cn. Почтовый домен у них отличается от сайта (tsdgroup.com.cn), но адрес опубликован на tesid.cn и совпадает с каталогом «Металлообработка-2024».",tesid.cn,sales@tsdgroup.com.cn,"Увидели, что на апрельскую CCMT2026 в Шанхае вы анонсировали флагманы — станки двусторонней тонкой шлифовки TDG-700 Pro и TDL-700.",https://tesid.cn/en/index.php/ycsphy/69.html,китайский производитель-экспонент,EN,экспонент Металлообработки-2024,"Предполагаем, что заказчиков в России вам дают в основном выставки, а между ними запросов мало."
ТД Ункомтех,Ункомтех,sales@thebestcnc.com,saintymachine.com,ПЕРЕПУТАНО,"Ни email, ни сайт к Ункомтеху не относятся: thebestcnc.com — Shandong Ouka (Цзинань, станки плазменной резки и сварочное оборудование), а saintymachine.com — Jiangsu Sainty Machinery (станки и пищевое оборудование); этот же сайт стоит в строке 12. Настоящий сайт Ункомтеха — uncomtech.ru (по ошибке попал в строку 4). Почтовый домен у них .com при сайте .ru, это не ошибка: на странице контактов для покупки кабеля указан sales@uncomtech.com.",uncomtech.ru,sales@uncomtech.com,"Увидели, что в сентябре 2026 вы выставлялись на первом «Иннопроме. Индия» как торговый представитель «Иркутсккабеля» и «Кирскабеля».",https://www.uncomtech.ru/ ; https://www.uncomtech.ru/company,российский дистрибьютор или производитель,RU,экспонент Металлообработки-2024,"Предполагаем, что продажи держатся на постоянных клиентах, а искать новых снабженцев заводов менеджерам некогда."
JAT Cemented Carbide,JAT,sales@jillionsupply.com,jillionsupply.com,ПЕРЕПУТАНО,"Сайт и email не JAT: jillionsupply.com — магазин запчастей для промавтоматики (Lenze, Heidenhain, Siemens и др.). В каталоге «Металлообработка-2024» эти данные указаны у Rogen Technologies, то есть названия в строках 7 и 8 поменяны местами. Кроме того, в меню jillionsupply.com вшиты спам-ссылки на сторонние магазины товаров для взрослых, похоже на взлом или SEO-спам. Данные JAT стоят в строке 8: у Zhuzhou JAT Cemented Carbide два сайта (jat-carbide.com и jatcarbide.com), и оба публикуют sales@jatcarbide.com.",jat-carbide.com (второй сайт компании: jatcarbide.com),sales@jatcarbide.com,"Увидели, что 29 сентября 2026 вы запустили новую серию промышленных дисковых пил по стали и алюминию — от керметовых до PCD с алмазными напайками.",https://www.jat-carbide.com/new-arrival-our-full-range-of-industrial-circular-saw-blades-for-metal-aluminum-cutting/,китайский производитель-экспонент,EN,экспонент Металлообработки-2024,"Предполагаем, что заказчиков в России вам дают в основном выставки, а между ними запросов мало."
Rogen Technologies,Rogen,sales@jatcarbide.com,jat-carbide.com,ПЕРЕПУТАНО,"Сайт и email принадлежат JAT Carbide (см. строку 7): названия в строках 7 и 8 поменяны местами. В каталоге «Металлообработка-2024» Rogen указывал jillionsupply.com, но там имя Rogen нигде не упоминается (и на сайте спам-ссылки). Собственный сайт компании — rogentech.com («Rogen Technologies China»), на нём опубликован sales@rogentech.com, MX у домена есть.",rogentech.com,sales@rogentech.com,"Увидели, что в вашей линейке есть высокотемпературный мотор Φ38 мм и драйвер для гидравлики интеллектуального скважинного оборудования.",https://www.rogentech.com/,китайский производитель-экспонент,EN,экспонент Металлообработки-2024,"Предполагаем, что заказчиков в России вам дают в основном выставки, а между ними запросов мало."
Искролайн,Искролайн,sales@iskroline.ru,iskroline.ru,OK,"Ловушки нет: название, сайт и sales@iskroline.ru совпадают, адрес опубликован на сайте.",—,—,"Увидели, что в июле 2026 вы добавили позиции для дооснащения спектрометров — «Торнадо-1» и «ДФС-Трио».",https://www.iskroline.ru/news/,российский дистрибьютор или производитель,RU,экспонент Металлообработки-2024,"Предполагаем, что между выставками поток запросов проседает, а сделки длинные и зависят от числа начатых разговоров."
Jimmy CNC Tool,Jimmy CNC Tool,sales@jimmytool.com,jimmytool.com,OK,"Подмены нет: jimmytool.com — Dongguan JimmyTool, адрес на домене компании и совпадает с каталогом «Металлообработка-2024». Но адрес устарел: на сайте и в каталоге «Металлообработка-2026» компания сама указывает info@jimmytool.com, а sales@ нигде не опубликован. Для рассылки лучше info@.",—,info@jimmytool.com,"Увидели, что складские фрезы вы отгружаете в день заказа, а нестандартные по чертежу делаете от 10 штук и от недели.",https://jimmytool.com/,китайский производитель-экспонент,EN,экспонент Металлообработки-2024 и 2026,"Предполагаем, что заказчиков в России вам дают в основном выставки, а между ними запросов мало."
Ezhong Heavy Machinery,Ezhong,sales@ezhonggroup.com,ezhonggroup.com,OK,Ловушки нет: sales@ezhonggroup.com опубликован на странице контактов; юрлицо на сайте — Hubei Heavy Industry Equipment Co. / EZHONG Heavy Machinery.,—,—,"Увидели, что в мае 2026 вы показывали на «Металлообработке» в Москве гидравлические трёх- и четырёхвалковые листогибочные вальцы и правильные машины.",https://www.ezhonggroup.com/ezhong-group-at-metalloobrabotka-2026-moscow.html,китайский производитель-экспонент,RU,экспонент Металлообработки-2024 и 2026,"Предполагаем, что заказчиков в России вам дают в основном выставки, а между ними запросов мало."
Shixinghong Precision,Shixinghong,swyct@126.com,saintymachine.com,ПЕРЕПУТАНО,"Две подмены. 1) swyct@126.com — бесплатный ящик NetEase, и в каталогах «Металлообработка-2025/2026» он указан у другой компании, Si Shui Chun Jing Machinery (Шаньдун, метчики и свёрла). 2) saintymachine.com — сайт Jiangsu Sainty Machinery, тот же, что в строке 6 (один сайт на две разные компании). Настоящий сайт Shenzhen Shixinghong Precision Machinery — en.szshixinghong.com, общий адрес sxh@szshixinghong.com (есть и на сайте, и в каталоге 2024).",en.szshixinghong.com,sxh@szshixinghong.com,"Увидели на сайте, что R&D-центр у вас в Шэньчжэне, производство — в Дунгуане и Чунцине, а национальных патентов больше 80.",https://en.szshixinghong.com/Company.html,китайский производитель-экспонент,EN,экспонент Металлообработки-2024,"Предполагаем, что заказчиков в России вам дают в основном выставки, а между ними запросов мало."
Internor Machinery,Internor,sales@internor.com.cn,internor-mach.com,OK,"Ложная тревога: домены разные (сайт internor-mach.com, почта internor.com.cn), но sales@internor.com.cn опубликован в подвале официального сайта, у домена есть MX (корпоративная почта NetEase), и связка совпадает с каталогом «Металлообработка-2024» (Tianjin Internor Machinery Equipment).",—,—,"Увидели, что 28 сентября 2026 ваш проект дробеупрочнения торсионов для скоростных поездов прошёл приёмку у заказчика.",http://internor-mach.com/news/,китайский производитель-экспонент,EN,экспонент Металлообработки-2024,"Предполагаем, что заказчиков в России вам дают в основном выставки, а между ними запросов мало."
РИЦ Техносфера,Техносфера,sales@technosphera.ru,technosphera.ru,OK,"Подмены нет: technosphera.ru — АО «РИЦ „Техносфера“» (издательство и журналы), sales@technosphera.ru совпадает с каталогом «Металлообработка-2024», MX у домена есть. Нюанс: на самом сайте sales@ не опубликован, общий адрес книжного направления — knigi@technosphera.ru (запасной).",—,"knigi@technosphera.ru (запасной, опубликован на сайте)","Увидели, что 1 октября 2026 вы представили на форуме «Микроэлектроника 2026» новые книги серии «Мир фотоники» — к 20-летию журнала «Фотоника».",https://www.technosphera.ru/news/12684,издательство (ICP: спорно),RU,экспонент Металлообработки-2024,"Предполагаем, что заказчиков вам дают в основном выставки, а между ними запросов мало."
Howfit Science,Howfit,sales@howfit-press.com,howfit-press.com,OK,"Ловушки нет: sales@howfit-press.com опубликован на сайте Howfit Science and Technology Co., Ltd.",—,—,"Увидели, что ваши скоростные прессы штампуют тонкие пластины роторов и статоров для моторов электромобилей и дронов.",https://www.howfit-press.com/,китайский производитель-экспонент,RU,экспонент Металлообработки-2024,"Предполагаем, что заказчиков в России вам дают в основном выставки, а между ними запросов мало."
Fengyi Yinhu,Fengyi,sales@fengyitool.com,fengyitool.com,OK,"Подмены нет: fengyitool.com — Fengyi Yinhu (Chengdu) NC Tools. На сайте указан только ящик, похожий на именной (такие не собираем), но sales@fengyitool.com компания сама указала в каталогах «Металлообработка-2024» и «Металлообработка-2026»; MX у домена есть (Tencent).",—,—,"Увидели, что вы делаете резьбовые пластины под API-резьбы обсадных труб для бельгийских нарезных станков Colinet.",http://en.fengyitool.com/,китайский производитель-экспонент,EN,экспонент Металлообработки-2024 и 2026,"Предполагаем, что заказчиков в России вам дают в основном выставки, а между ними запросов мало."
