company,компания_в_письме,site,city,segment,sales_signal,sales_signal_url,signal_check,имя_ЛПР,должность_ЛПР,Имя,Отчество,Фамилия,должность_в_письме,email,тип_адреса,источник,дата_страницы,дата_источника_имени,обращаться_по_имени,телефон,оговорка,batch
СОЛВО (ООО «СОЛВО»),СОЛВО,https://solvo.ru,Санкт-Петербург,B2B SaaS: B2B-ПО (вендор) — WMS и TOS для складов и терминалов,"«Поможем автоматизировать терминал, склад или грузовой двор»",https://solvo.ru,"Поможем автоматизировать терминал, склад или грузовой двор",Мария Оленникова,Директор по маркетингу,Мария,,Оленникова,директор по маркетингу,om@solvo.ru,именной,https://solvo.ru,на странице не указана,страница без даты,да,+7 (812) 606-05-55,"адрес из инициалов (om@), напечатан в блоке «Для прессы»; на сайте 250+ сотрудников",new-it
TEAMLY,TEAMLY,https://teamly.ru,Москва,B2B SaaS: корпоративная база знаний,"Кнопка «Записаться на демо», партнёрская программа",https://teamly.ru/,Записаться на демо,Владимир Манеров,Исполнительный директор,Владимир,,Манеров,исполнительный директор,v.manerov@teamly.ru,именной,https://teamly.ru/contacts/,на странице не указана,страница без даты,да,+7 938 299 9787,телефон — общий номер из шапки сайта,upg-1
Интегрус (ООО «Интегрус»),Интегрус,https://integrus.ru,Санкт-Петербург,Интеграторы и автоматизация: ИТ-аутсорсинг и системная интеграция для бизнеса,«Предоставляемые нами IT-решения нацелены на реализацию полного потенциала информационной системы организации (предприятия).»,https://integrus.ru,Предоставляемые нами IT-решения нацелены на реализацию полного потенциала информационной системы организации (предприятия),Пётр Дзюба,Генеральный директор,Пётр,,Дзюба,генеральный директор,p.dzyuba@integrus.ru,именной,https://integrus.ru/kontakty,на странице не указана,страница без даты,да,+7 (812) 507-60-67,,new-it
Интелком (ООО «Интелком»),Интелком,https://rosintelcom.ru,Тула,Интеграторы и автоматизация: интегратор информационной безопасности,«Специалисты компании с радостью ответят на ваши вопросы и произведут расчет стоимости услуг и подготовят индивидуальное коммерческое предложение.»,https://rosintelcom.ru,произведут расчет стоимости услуг и подготовят индивидуальное коммерческое предложение,Пальцев Михаил Витальевич,Генеральный директор,Михаил,Витальевич,Пальцев,генеральный директор,paltsev@rosintelcom.ru,именной,https://rosintelcom.ru/contacts/,на странице не указана,страница без даты,да,+7 (4872) 70-41-71,сайт обновляется редко: последняя новость 06.2025,new-it
Дженерал Смета (ООО «Дженерал Смета»),Дженерал Смета,https://gensmeta.ru,Москва,"Интеграторы и автоматизация: B2B-ПО — поставка и сопровождение сметных программ (Smeta.RU), обучение сметчиков","«Официальный сайт ООО ""Дженерал Смета"" - эксперта по сопровождению сметных отделов»",https://gensmeta.ru,"Официальный сайт ООО ""Дженерал Смета"" - эксперта по сопровождению сметных отделов",Павлов Леонид Викторович,"Руководитель отдела продаж, специалист по тендерам",Леонид,Викторович,Павлов,руководитель отдела продаж,pavlov@gensmeta.ru,именной,https://gensmeta.ru/about/nashi-sotrudniki.html,на странице не указана,страница без даты,да,+7 (495) 540-50-65,,new-it
Сикрет Технолоджис (ООО «Сикрет Технолоджис»),Сикрет Технолоджис,https://secretgroup.ru,Москва,Интеграторы и автоматизация: интегратор информационной безопасности и ИТ-инфраструктуры,"«Нам доверяют крупнейшие государственные компании, предприятия нефтегазовой отрасли, промышленные предприятия, банки и коммерческие компании.»",https://secretgroup.ru,Нам доверяют крупнейшие государственные компании,Бондаренко Леонид Григорьевич,Генеральный директор,Леонид,Григорьевич,Бондаренко,генеральный директор,bondarenko@secretgroup.ru,именной,https://secretgroup.ru/rukovodstvo/,на странице не указана,страница без даты,да,+7 (495) 109-29-50,,new-it
iGrids,iGrids,https://igrids.ru,Чебоксары,"Интеграторы и автоматизация: информационная безопасность для электроэнергетики (проектирование, разработка, внедрение)","«Мы – iGrids, более 8 лет оказываем услуги по проектированию, разработке и внедрению решений для обеспечения информационной безопасности в электроэнергетической отрасли.»",https://igrids.ru,"Мы – iGrids, более 8 лет оказываем услуги по проектированию, разработке и внедрению решений для обеспечения информационной безопасности в электроэнергетической отрасли",Екатерина Николаевна Егорова,Начальник отдела подготовки предложений и маркетинга,Екатерина,Николаевна,Егорова,начальник отдела,egorova_en@igrids.ru,именной,https://igrids.ru/company/staff/,на странице не указана,страница без даты,да,,телефон не записан: на сайте только мобильный,new-it
Vkorpe (ООО «Вкорпе»),Vkorpe,https://vkorpe.ru,Санкт-Петербург,"Интеграторы и автоматизация: системный интегратор, корпоративные поставки ИТ-оборудования и ПО",«Корпоративные поставки оборудования и программного обеспечения»,https://vkorpe.ru,Корпоративные поставки оборудования и программного обеспечения,Андреев Сергей Сергеевич,Руководитель отдела (Корпоративный отдел),Сергей,Сергеевич,Андреев,руководитель отдела,as@vkorpe.ru,именной,https://vkorpe.ru/team/,на странице не указана,страница без даты,да,+7 (812) 244 27 17,"адрес из инициалов (as@), дан ссылкой в карточке; на странице «О компании» должность — руководитель корпоративного отдела продаж",new-it
АМКАД,АМКАД,https://amcad.ru,Челябинск,"Интеграторы и автоматизация: поставка и внедрение САПР, PDM и PLM-систем","«Выслушаем ваши задачи для бизнеса, и на их основе предложим варианты развития.»",https://amcad.ru,"Выслушаем ваши задачи для бизнеса, и на их основе предложим варианты развития",Александр Газизулин,Генеральный директор,Александр,,Газизулин,генеральный директор,gam@amcad.ru,именной,https://amcad.ru/company/staff/,на странице не указана,страница без даты,да,+7 (351) 239-82-63,адрес из инициалов (gam@),new-it
Южная Софтверная Компания (ГК ЮСК),ЮСК,https://usk.ru,Ростов-на-Дону,"Интеграторы и автоматизация: системный интегратор — поставка ПО, информационная безопасность, заказная разработка","«Менеджеры компании ответят на ваши вопросы, произведут расчет стоимости услуг и подготовят индивидуальное коммерческое предложение.»",https://usk.ru,"Менеджеры компании ответят на ваши вопросы, произведут расчет стоимости услуг и подготовят индивидуальное коммерческое предложение",Виталий Фуников,Исполнительный директор,Виталий,,Фуников,исполнительный директор,vitaliy@usk.ru,именной,https://usk.ru/company/staff/,на странице не указана,страница без даты,да,+7 (863) 236-04-70,"адрес по имени (vitaliy@), дан ссылкой в карточке",new-it
АСАП Разработка (ООО «АСАП Разработка»),АСАП Разработка,https://asapcg.ru,Москва,Интеграторы и автоматизация: внедрение и сопровождение 1С:ERP / MES / APS для предприятий,«Оставьте заявку и наши специалисты свяжутся с Вами в ближайшее время»,https://asapcg.ru,Оставьте заявку и наши специалисты свяжутся с Вами в ближайшее время,Валерий Воробьев,Генеральный директор,Валерий,,Воробьев,генеральный директор,valeri.vorobiev@asapcg.com,именной,https://asapcg.ru/contacts/,на странице не указана,страница без даты,да,+7 (495) 642-63-20,почта на домене asapcg.com: asapcg.ru переадресует на него,new-it
Network Solutions (ООО «Нетворк Солюшнс»),Network Solutions,https://networkss.ru,Новосибирск,Интеграторы и автоматизация: поставка и интеграция телеком-оборудования Eltex для бизнеса и операторов,"«Основной деятельностью компании NETWORK SOLUTIONS является осуществление комплексных поставок телекоммуникационного оборудования государственным учреждениям, корпорациям, промышленным предприятиям, провайдерам услуг связи по всей территории Российской Федерации»",https://networkss.ru/about/,"Основной деятельностью компании NETWORK SOLUTIONS является осуществление комплексных поставок телекоммуникационного оборудования государственным учреждениям, корпорациям, промышленным предприятиям, провайдерам услуг связи по всей территории Российской Федерации",Кирилл Левин,Заместитель директора по коммерческой деятельности,Кирилл,,Левин,заместитель директора,kl@networkss.ru,именной,https://networkss.ru/about/,на странице не указана,страница без даты,да,8-800-600-22-12,адрес из инициалов (kl@),new-it
Кибер Стратегия (ООО «Кибер Стратегия»),Кибер Стратегия,https://cyber-strategy.ru,Красноярск,Интеграторы и автоматизация: интегратор информационной безопасности,"«Выбор и внедрение оптимальных методик, оборудования и программного обеспечения для защиты корпоративной инфраструктуры.»",https://cyber-strategy.ru,"Выбор и внедрение оптимальных методик, оборудования и программного обеспечения для защиты корпоративной инфраструктуры",Павел Стригин,Коммерческий директор,Павел,,Стригин,коммерческий директор,spy@cyber-strategy.ru,именной,https://cyber-strategy.ru/contacts/,на странице не указана,страница без даты,да,+7 391 216 87 37,короткий адрес (spy@) в строке коммерческого директора,new-it
Технологии учета,Технологии учета,https://tu-don.ru,Ростов-на-Дону,"Интеграторы и автоматизация: 1С:Франчайзи — автоматизация учёта, WMS для складов",«Комплексная автоматизациия учета на базе программных продуктов фирмы «1С»»,https://tu-don.ru,Комплексная автоматизациия учета на базе программных продуктов фирмы «1С»,Павлов Александр Сергеевич,Генеральный директор,Александр,Сергеевич,Павлов,генеральный директор,a.pavlov@tu-don.ru,именной,https://tu-don.ru/company/staff/,на странице не указана,страница без даты,да,+7 (863) 209-80-58,,new-it
АЙТИС,АЙТИС,https://aitis.pro,Барнаул,"Интеграторы и автоматизация: 1С:Франчайзи — внедрение и сопровождение 1С, торговое оборудование",«Учитываем специфику бизнеса и делаем удобно и эффективно»,https://aitis.pro,Учитываем специфику бизнеса и делаем удобно и эффективно,Алексей Олегович Пятковский,Директор,Алексей,Олегович,Пятковский,директор,pao@aitis.pro,именной,https://aitis.pro/company/staff/,на странице не указана,страница без даты,да,+7 (3852) 505-022,адрес из инициалов (pao@),new-it
Крипта (ООО «Крипта»),Крипта,https://kripta.ru,Благовещенск,"Интеграторы и автоматизация: 1С:Франчайзи — внедрение 1С, кассовое ПО, ИТ-аутсорсинг","«представляет на рынке Амурской области продукты и технологии, которые помогут правильно построить учет в организации, безопасно управлять бизнесом»",https://kripta.ru/company/,представляет на рынке Амурской области продукты и технологии,Маркевич Станислав Анатольевич,Генеральный директор,Станислав,Анатольевич,Маркевич,генеральный директор,stam@kripta.ru,именной,https://kripta.ru/company/staff/,на странице не указана,страница без даты,да,+7 (4162) 99-99-11,"короткий адрес (stam@), дан ссылкой в карточке",new-it
Центр консалтинговых проектов (ООО «Центр консалтинговых проектов»),Центр консалтинговых проектов,https://it-murman.ru,Мурманск,"Интеграторы и автоматизация: 1С:Франчайзи — автоматизация бизнеса и учреждений, разработка, ИТ-сопровождение","«Нашей компании более 12 лет, у нас есть многолетний опыт реализации ИТ-проектов различного масштаба и отраслевой специфики.»",https://it-murman.ru,"Нашей компании более 12 лет, у нас есть многолетний опыт реализации ИТ-проектов различного масштаба и отраслевой специфики",Бетева Оксана Анатольевна,Генеральный директор,Оксана,Анатольевна,Бетева,генеральный директор,BetevaOA@it-murman.ru,именной,https://it-murman.ru/company/management,на странице не указана,страница без даты,да,8 (8152) 69 27 00,,new-it
Интерволга,Интерволга,https://www.intervolga.ru,Волгоград,"Интеграторы и автоматизация: внедрение 1С-Битрикс, Битрикс24 и отечественного ПО","Отдельный ящик для новых клиентов: «Заказать наши услуги, проконсультироваться, предложить партнёрство»; в контактах указан руководитель коммерческого отдела",https://www.intervolga.ru/contacts/,"Заказать наши услуги, проконсультироваться",Даниил Нестеров,Руководитель коммерческого отдела,Даниил,,Нестеров,руководитель коммерческого отдела,daniil.nesterov@intervolga.ru,именной,https://www.intervolga.ru/contacts/,на странице не указана,страница без даты,да,+7 495 648 57 90,в компании ещё три проверенных контакта — писать сначала одному,upg-1
Аспро,Аспро,https://aspro.ru,Челябинск,"Интеграторы и автоматизация: готовые решения на 1С-Битрикс, партнёрская сеть внедренцев","В шапке сайта телефон «Отдел продаж», раздел «Стать партнером»",https://aspro.ru/contact/,Стать партнером,Ярослав Егоров,Директор по продажам,Ярослав,,Егоров,директор по продажам,ye@aspro.ru,именной,https://aspro.ru/company/staff/head/yaroslav-egorov/,на странице не указана,страница без даты,да,8 800 500-47-11,адрес из инициалов (ye@); в отделе продаж ещё два проверенных контакта,upg-1
Клеверенс,Клеверенс,https://www.cleverence.ru,Москва,"Интеграторы и автоматизация: ПО для склада, магазина и маркировки (ТСД)","Партнёрская программа «Стать партнером», отдел продаж в контактах",https://www.cleverence.ru/,Стать партнером,Никита Григорьев,Руководитель отдела маркетинга,Никита,,Григорьев,руководитель отдела маркетинга,ngrigoriev@cleverence.ru,именной,https://www.cleverence.ru/press-center/,на странице не указана,страница без даты,да,+7 (495) 662 98-03,адрес опубликован как контакт для СМИ,upg-1
Пиксель Плюс,Пиксель Плюс,https://pixelplus.ru,Москва,"B2B-маркетинг: digital-агентство (SEO, сайты, реклама)","В контактах «Отдел продаж: +7 495 989-53-11», отделы продаж в нескольких городах",https://pixelplus.ru/contact/,Отдел продаж:,Александр Лунин,Руководитель отдела продаж SEO и рекламы,Александр,,Лунин,руководитель отдела продаж,lunin@pixelplus.ru,именной,https://pixelplus.ru/studio/team/head/aleksandr-lunin.html,на странице не указана,страница без даты,да,+7 495 989-53-11,"digital-агентство: смежный рынок, рассылок среди услуг на сайте нет",upg-1
Никольская Консалтинг,Никольская Консалтинг,https://nikolskaya.ru,Москва,"Юридические услуги: B2B-юридический консалтинг — корпоративная практика, M&A, споры, санкционные и регуляторные вопросы","«Люблю расспрашивать клиентов про их бизнес. Про то, как сформулированы коммерческие цели и как расставлены приоритеты»",https://nikolskaya.ru/persons/aleksej-rudyak,"Люблю расспрашивать клиентов про их бизнес. Про то, как сформулированы коммерческие цели и как расставлены приоритеты",Алексей Рудяк,Управляющий партнёр,Алексей,,Рудяк,управляющий партнёр,Alexei.Roudiak@nikolskaya.ru,именной,https://nikolskaya.ru/persons/aleksej-rudyak,"на странице не указана; Last-Modified 02.09.2026, в подвале сайта 2026",страница без даты,да,+7 495 740 22 77,"сигнал продаж — личная цитата партнёра, отдела продаж на сайте не видно",new-agency
Консалтинговая Группа ЭТАЛОН,ЭТАЛОН,https://www.etalon-cons.ru,Москва,"Юридические услуги: юридические услуги для бизнеса (отраслевые практики, с 1997 г.)",«Консалтинговая Группа ЭТАЛОН: юридические услуги для бизнеса»,https://www.etalon-cons.ru/,Консалтинговая Группа ЭТАЛОН: юридические услуги для бизнеса,Борискова Ольга Викторовна,Руководитель отдела развития,Ольга,Викторовна,Борискова,руководитель отдела развития,boriskova@etalon-cons.ru,именной,https://www.etalon-cons.ru/komanda/,на странице не указана; в подвале сайта © 1997–2026,страница без даты,да,+7 (495) 509-41-19,"небольшая практика, отдела продаж на сайте не видно",new-agency
Адвокатское бюро «Качкин и Партнеры»,Качкин и Партнеры,https://kachkin.ru,Санкт-Петербург,"Юридические услуги: юридические услуги для бизнеса — недвижимость, ГЧП, корпоративное право, банкротство (30+ юристов)","«С нами работают клиенты из различных отраслей, включая энергетику и природные ресурсы, промышленность, банки и финансы, строительство»",https://kachkin.ru/about/,"С нами работают клиенты из различных отраслей, включая энергетику и природные ресурсы, промышленность, банки и финансы, строительство",Мария Романчева,Директор по развитию,Мария,,Романчева,директор по развитию,maria.romancheva@kachkin.ru,именной,https://kachkin.ru/press/contact/,на странице не указана; в подвале © 2001 — 2026,страница без даты,да,+7 812 602 0225,адрес напечатан в блоке пресс-контактов,new-agency
Коллегия адвокатов «Регионсервис»,Регионсервис,https://regionservice.com,Москва,"Юридические услуги: юридическая поддержка бизнеса — недвижимость и строительство, банкротство, споры; офисы в 5 городах",«Коллегия адвокатов Регионсервис — Юридическая поддержка бизнеса»,https://regionservice.com/,Коллегия адвокатов Регионсервис — Юридическая поддержка бизнеса,Анна Жолобова,"Управляющий партнер офиса Коллегии в г. Москве, руководитель практики «Недвижимость и строительство»",Анна,,Жолобова,управляющий партнер,a.zholobova@regionservice.com,именной,https://regionservice.com/team/anna-zholobova/,на странице не указана; новости на сайте до 02.10.2026,страница без даты,да,+7 (495) 260-06-50,"ЛПР на уровне московского офиса, головной офис коллегии — в Кемерове",new-agency
Адвокатское бюро «Трубор»,Трубор,https://trubor.ru,Москва,"Юридические услуги: юридические услуги для бизнеса — сделки, споры, банкротства, отраслевые практики",«Мы помогаем бизнесу расти. Оставьте юридические вопросы нам и сосредоточьтесь на своей основной деятельности.»,https://trubor.ru/,Оставьте юридические вопросы нам и сосредоточьтесь на своей основной деятельности,Кирилл Труханов,Управляющий партнер,Кирилл,,Труханов,управляющий партнер,trukhanov@trubor.ru,именной,https://trubor.ru/team/,"на странице не указана; в подвале © 2026, новости до 20.07.2026",страница без даты,да,+7 495 120-55-84,,new-agency
HLB Внешаудит (АО «Эйч Эл Би Внешаудит»),Внешаудит,https://vneshaudit.ru,Москва,"Аудит и консалтинг: аудит, МСФО, налоговый и управленческий консалтинг, CFO-услуги для компаний",«Нам доверяют более 270 компаний»,https://vneshaudit.ru/,Нам доверяют более 270 компаний,Ольга Вячеславовна Митянина,Генеральный директор,Ольга,Вячеславовна,Митянина,генеральный директор,ov.mityanina@vneshaudit.ru,именной,https://vneshaudit.ru/about/rukovoditeli/,на странице не указана,страница без даты,да,+7 (495) 967 0495,сайт обновляется редко — перед отправкой перепроверить должность,new-agency
RRG (Группа компаний RRG),RRG,https://rrg.ru,Москва,"Аудит и консалтинг: консалтинг, управление и эксплуатация, брокеридж на рынке коммерческой недвижимости (B2B)",«Компания RRG профессионально управляет всем жизненным циклом коммерческой недвижимости»; на странице контактов блок «Для заказчиков:»,https://rrg.ru/,Компания RRG профессионально управляет всем жизненным циклом коммерческой недвижимости,Денис Колокольников,Генеральный директор,Денис,,Колокольников,генеральный директор,kolokolnikov@rrg.ru,именной,https://rrg.ru/contacts.php,на странице не указана; новости на сайте до 21.07.2026,страница без даты,да,+7 (495) 981-00-12,"в новости от 08.07.2026 назван основателем и управляющим партнёром, на странице контактов — генеральным директором",new-agency
ООО «Первая Комплексная Регистрационная Компания» (ПКРК),ПКРК,https://fcrc.ru,Москва,"Аудит и консалтинг: регистрация медицинских изделий, сертификация, лицензирование и локализация производства — услуги для производителей и поставщиков медизделий","«Мы ценим время и деньги наших клиентов, поэтому предлагаем разный набор услуг от комплексного процесса регистрации, до оказания отдельных видов работ или консультаций»; кнопка «Узнать стоимость»",https://fcrc.ru/,"Мы ценим время и деньги наших клиентов, поэтому предлагаем разный набор услуг от комплексного процесса регистрации, до оказания отдельных видов работ или консультаций",Слободенюк Анна,Руководитель отдела продаж,Анна,,Слободенюк,руководитель отдела продаж,anna.slobodenuk@fcrc.ru,именной,https://fcrc.ru/,"в подвале страницы: © 2026 ООО ""Первая Комплексная Регистрационная Компания""",страница без даты,да,+7 (495) 374-00-19,,new-misc
MidlandHunt,MidlandHunt,https://midlandhunt.com,Москва,Подбор руководителей: executive search — подбор топ-менеджеров для компаний,«Есть вопрос по подбору Executive Search? Быстрая связь с консультантами кадрового агентства по подбору топ-менеджеров MidlandHunt.»,https://midlandhunt.com/,Есть вопрос по подбору Executive Search? Быстрая связь с консультантами кадрового агентства по подбору топ-менеджеров MidlandHunt,Марина Степанова,Управляющий директор,Марина,,Степанова,управляющий директор,ms@midlandhunt.com,именной,https://midlandhunt.com/team/,на странице не указана,страница без даты,да,+7 (495) 620 97 80,"адрес из инициалов (ms@); страница команды не менялась с 12.2022, должность подтверждает главная страница",new-agency
ProPersonnel,ProPersonnel,https://propersonnel.ru,Москва,Подбор руководителей: HR-агентство — executive search и подбор руководителей высшего и среднего звена,"«10 лет помогаем компаниям находить сотрудников высшего и среднего звена. Офисы Москва, Дубай.»",https://propersonnel.ru/,"10 лет помогаем компаниям находить сотрудников высшего и среднего звена. Офисы Москва, Дубай",Татьяна Долякова,Основатель,Татьяна,,Долякова,основатель,dt@propersonnel.ru,именной,https://propersonnel.ru/,на странице не указана; Last-Modified 30.09.2026,страница без даты,да,,адрес из инициалов (dt@); он же в подвале сайта как адрес для заявок на подбор,new-agency
Regroup,Regroup,https://regroups.ru,Москва,"Подбор руководителей: консалтинг по управленческим командам — executive search, оценка и развитие руководителей",«Мы будем рады обсудить ваши задачи и предложить решение»,https://regroups.ru/solution/executivesearch/,Мы будем рады обсудить ваши задачи и предложить решение,Оксана Морсина,"Управляющий партнер, Глава практики подбора руководителей высшего звена",Оксана,,Морсина,управляющий партнер,Morsina@regroups.ru,именной,https://regroups.ru/solution/executivesearch/,на странице не указана; в подвале © 1996—2026,страница без даты,да,+7 (495) 665-02-10,,new-agency
НПФ ЭИТЭК,ЭИТЭК,https://eitec.ru,Москва,"Инжиниринг и промбезопасность: инжиниринг — EP/EPC-проекты технологических установок НПЗ, проектирование, R&D",«Давайте обсудим ваш проект! Отправьте нам заявку на консультацию»,https://eitec.ru/,Давайте обсудим ваш проект! Отправьте нам заявку на консультацию,Нигматуллин Виль Ришатович,Генеральный директор,Виль,Ришатович,Нигматуллин,генеральный директор,nigmatullin@eitek.ru,именной,https://eitec.ru/o-kompanii/rukovodstvo/,на странице не указана; в подвале © 1992 — 2026,страница без даты,да,+7 (495) 926-10-80,"почта на домене eitek.ru: сайт eitec.ru печатает на нём все свои адреса; проектный инжиниринг, отдела продаж на сайте не видно",new-agency
АЛЬФА ИНЖИНИРИНГ,АЛЬФА ИНЖИНИРИНГ,https://alfamatic.ru,Новосибирск,Инжиниринг и промбезопасность: инжиниринг — промышленная автоматизация и роботизация производств,«Поможет реализовать любой проект для Вашего предприятия.» (подпись к карточке коммерческого директора),https://alfamatic.ru/company/staff/,Поможет реализовать любой проект для Вашего предприятия,Волегов Владимир Сергеевич,Коммерческий директор,Владимир,Сергеевич,Волегов,коммерческий директор,v.volegov@alfamatic.ru,именной,https://alfamatic.ru/company/staff/,"на странице не указана; Last-Modified 01.10.2026, в подвале © 2026",страница без даты,да,+7 (383) 230-05-40,,new-agency
Учебный экспертный центр «Строитель»,УЭЦ Строитель,https://ucstroitel.ru,Екатеринбург,"Инжиниринг и промбезопасность: корпоративное обучение по охране труда и промбезопасности, СОУТ, экспертиза промышленной безопасности","«экспертное объединение компаний, деятельность которых ориентирована на обеспечение безопасности труда в организациях с любым видом экономической деятельности»; в контактах есть «Руководитель отдела продаж»",https://ucstroitel.ru/,"экспертное объединение компаний, деятельность которых ориентирована на обеспечение безопасности труда в организациях с любым видом экономической деятельности",Андрей Валерьевич Прикмета,Генеральный директор,Андрей,Валерьевич,Прикмета,генеральный директор,av@ucstroitel.ru,именной,https://ucstroitel.ru/contacts/,на странице не указана; новости на сайте до 17.09.2026,страница без даты,да,+7 (343) 344-63-36,адрес из инициалов (av@); сайт описывает группу юрлиц,new-agency
Лаборатория промышленной безопасности,Лаборатория промышленной безопасности,https://labrf.ru,Уфа,"Инжиниринг и промбезопасность: экспертиза промышленной безопасности, техническое диагностирование, электролаборатория, неразрушающий контроль",«Работаем по всей России»; «Нам доверяют ведущие компании»,https://labrf.ru/,Нам доверяют ведущие компании,Манойлова Мария Михайловна,Директор,Мария,Михайловна,Манойлова,директор,mariya@labrf.ru,именной,https://labrf.ru/kontakty/,"на странице не указана; в подвале © 2022, последняя новость на сайте 03.11.2022",страница без даты,да,+7 (347) 262-70-06 (доб. 110),"адрес по имени (mariya@); новости на сайте обрываются 11.2022, страница контактов изменена 04.2026; небольшая фирма",new-agency
ООО «Автоматизация Производств» (apdar.ru),Автоматизация Производств,https://apdar.ru,Томск,"Инжиниринг и промбезопасность: промышленная автоматизация — АСУ ТП, производство шкафов автоматики, проектирование, поставка и монтаж оборудования",«Предоставляем полный комплекс услуг от проектно-изыскательных работ до поставки и монтажа оборудования»; в структуре компании — «Коммерческий отдел» с начальником,https://apdar.ru/,Предоставляем полный комплекс услуг от проектно-изыскательных работ до поставки и монтажа оборудования,Дмитрий Рождественский,Директор,Дмитрий,,Рождественский,директор,dar@apdar.ru,именной,https://apdar.ru/company/vacancy/team/,на странице не указана; в подвале «© 2006 - 2026 Автоматизация Производств»,страница без даты,да,8 (3822) 53-39-45,короткий адрес (dar@) в карточке директора,new-industrial
ООО «ЭДС» (Екатеринбург),ЭДС,https://edc-ekb.ru,Екатеринбург,"Инжиниринг и промбезопасность: проектирование и монтаж электроснабжения, электромонтаж, электролаборатория, поставка электрооборудования","«Поставки электротехнического оборудования и материалов»; «На сегодняшний день услуги компании ООО «ЭДС» активно востребованы как в промышленном, так и в коммерческом секторе рынка электротехники»; «Компания ЭДС выполняет работы под ключ, начиная с проектирования и до сдачи ЭУ в эксплуатацию»",https://edc-ekb.ru/,"Компания ЭДС выполняет работы под ключ, начиная с проектирования и до сдачи ЭУ в эксплуатацию",Шенявский Владимир Викторович,Генеральный директор,Владимир,Викторович,Шенявский,генеральный директор,svv@eds-ekb.ru,именной,https://edc-ekb.ru/about/,"на странице — лента новостей, последняя запись от 07.08.2026",страница без даты,да,8 (343) 286-25-03,"почта на домене eds-ekb.ru, его печатает сам сайт; адрес из инициалов (svv@)",new-misc
ГК Волгаэнергопром,Волгаэнергопром,https://gcvep.ru,Самара,"Промоборудование: торгово-инжиниринговая компания — сварочное оборудование, дизельные электростанции (продажа, аренда, сервис), роботизация","В блоке «Наша команда» на главной: «Руководитель отдела продаж в нефтегазовом секторе», «Руководитель управления проектных продаж»",https://gcvep.ru/,Руководитель отдела продаж в нефтегазовом секторе,Алексеева Татьяна,Директор по маркетингу,Татьяна,,Алексеева,директор по маркетингу,tatyana.alekseeva@gcvep.ru,именной,https://gcvep.ru/,на странице не указана; новости на главной до 30.09.2026,страница без даты,да,+7 (846) 267-31-53,на сайте заявлено 500 сотрудников,new-agency
ЗАО «ПО «Муромский завод трубопроводной арматуры» (МЗТА),МЗТА,https://mztpa.ru,Муром (Владимирская обл.),"Промоборудование: трубопроводная арматура — производство стальных задвижек, сбыт через собственное ПО (эксклюзивный дистрибьютор завода)","«Ключевыми потребителями продукции предприятия являются ПАО «Роснефть», ПАО «Сибур Холдинг», ПАО «Газпромнефть» и др.»; на сайте разделы «Дилеры» и «Контакты отдела продаж»",https://mztpa.ru/about/mztpa,"Ключевыми потребителями продукции предприятия являются ПАО «Роснефть», ПАО «Сибур Холдинг», ПАО «Газпромнефть» и др",Пупков Александр Сергеевич,Коммерческий директор,Александр,Сергеевич,Пупков,коммерческий директор,pupkov@mztpa.ru,именной,https://mztpa.ru/contacts,"на странице не указана; в подвале «© ЗАО «ПО «МЗТА», 2009-2025»",страница без даты,да,+7 (49234) 2-30-98,,new-industrial
ООО «Челябинский завод электрооборудования» (ЧЗЭО),ЧЗЭО,https://www.chelzeo.ru,Челябинск,"Промоборудование: электротехническое оборудование — трансформаторные подстанции, КСО, КРУ, НКУ до 35 кВ",«Мы осуществляем производство и поставку более 30 видов электротехнической продукции напряжением до 35 кВ.»; на странице контактов — отдел продаж с двумя руководителями и раздел «Дилеры»,https://www.chelzeo.ru/,Мы осуществляем производство и поставку более 30 видов электротехнической продукции напряжением до 35 кВ,Лоскутников Владимир,Коммерческий директор,Владимир,,Лоскутников,коммерческий директор,loskutnikov@chelzeo.ru,именной,https://www.chelzeo.ru/contacts/,на странице не указана,страница без даты,да,8 800 444 65 94,,new-industrial
Компрессорный завод «АРСМАШ» (марка ЗИФ),АРСМАШ,http://zif.su,Санкт-Петербург,"Промоборудование: компрессорное оборудование — производство дизельных, электрических, газовых компрессоров ЗИФ, запчасти и сервис","На странице «Контакты сотрудников» — отдел продаж: «Руководитель отдела продаж», «Руководитель направления проектных продаж», «Менеджер направления продаж ЗИП»; в меню «Оформить запрос», «Сервисные центры»",http://zif.su/contacts/,Руководитель направления проектных продаж,Максимов Дмитрий Юрьевич,Коммерческий директор,Дмитрий,Юрьевич,Максимов,коммерческий директор,d.maksimov@zif.su,именной,http://zif.su/contacts/,на странице не указана,страница без даты,да,8 800 200 28 43 (доб. 204),датированных материалов на сайте нет,new-industrial
ООО «Компрессорный завод» (Краснодар),Компрессорный завод,https://compressor-zavod.ru,Краснодар,Промоборудование: компрессорное оборудование — производство и поставка компрессоров и запасных частей,"«ООО ""Компрессорный завод"" уже много лет сотрудничает с российскими и зарубежными заказчиками и поставляет им компрессорное оборудование»",https://compressor-zavod.ru/,"ООО ""Компрессорный завод"" уже много лет сотрудничает с российскими и зарубежными заказчиками и поставляет им компрессорное оборудование",Корнеев Андрей Викторович,Коммерческий директор,Андрей,Викторович,Корнеев,коммерческий директор,korneev@compressor-zavod.ru,именной,https://compressor-zavod.ru/kontaktnaya-informatsiya_kqygcrm,на странице не указана; в подвале «2004 - 2026 Все права защищены»,страница без даты,да,8 800 551-20-16,новости на сайте не обновлялись с 06.2021 — перед отправкой перепроверить должность,new-industrial
НПП «Завод МДУ»,Завод МДУ,https://zavodmdu.ru,Новокузнецк,"Промоборудование: промышленное оборудование — дегазационные и газоотсасывающие установки, азотные установки, вентиляторы, металлоконструкции","«Опыт предприятия включает разработку, изготовление и внедрение различных технических решений для промышленных предприятий.»",https://zavodmdu.ru/,"Опыт предприятия включает разработку, изготовление и внедрение различных технических решений для промышленных предприятий",Драничников Алексей Владимирович,Коммерческий директор,Алексей,Владимирович,Драничников,коммерческий директор,dranichnikovav@zavodmdu.ru,именной,https://zavodmdu.ru/contacts/,на странице не указана; в подвале «© 2026 НПП Завод МДУ»,страница без даты,да,+7 (3843) 991-993,,new-industrial
ООО «Челябинский завод «Теплоприбор» (ЧТП),Теплоприбор,https://tpchel.ru,Челябинск,"Промоборудование: КИПиА — производство датчиков температуры и давления, уровнемеров, вторичной аппаратуры","«Свои вопросы и заявки просим отправлять на адрес: sales1@tpchel.ru»; на той же странице блок «Региональные представительства» (Москва, Санкт-Петербург, Пермь, Самара)",https://tpchel.ru/contacts/,Свои вопросы и заявки просим отправлять на адрес: sales1@tpchel.ru,Дорошко Владимир Владимирович,Коммерческий директор,Владимир,Владимирович,Дорошко,коммерческий директор,v.doroshko@tpchel.ru,именной,https://tpchel.ru/contacts/,на странице не указана; в подвале «© 2008 – 2026»; на главной новость от 07.07.2026,страница без даты,да,+7 351 242-01-93,,new-industrial
ОАО «Манотомь» (Томский манометровый завод),Манотомь,https://manotom.com,Томск,"Промоборудование: КИП — производство манометров, датчиков давления и средств измерения давления","«Мы учитываем интересы клиентов, постоянно совершенствуем и обновляем свою продукцию, стремимся к долгосрочному взаимовыгодному сотрудничеству…»; в шапке — «Многоканальные телефоны службы продаж»",https://manotom.com/,"Мы учитываем интересы клиентов, постоянно совершенствуем и обновляем свою продукцию, стремимся к долгосрочному взаимовыгодному сотрудничеству",Николаев Олег Владиславович,Начальник отдела продаж,Олег,Владиславович,Николаев,начальник отдела продаж,nikolaev_ov@manotom.com,именной,https://manotom.com/contacts/company/,на странице не указана,страница без даты,да,8 (3822) 288-899 (доб. 482),"адрес на manotom.com, сайт переадресует на manotom.ru — возможен возврат письма; новость о форуме-выставке на сайте — от 26.11.2025: как свежий триггер «выставка» не использовать",new-industrial
ООО Конструкторское бюро «АГАВА»,КБ АГАВА,http://kb-agava.ru,Екатеринбург,"Промоборудование: промышленная автоматизация — автоматика котельных, шкафы управления, программируемые контроллеры, измерительные приборы","«Шкафы и щиты управления по ТЗ заказчика»; в шапке «34 ГОДА НА РЫНКЕ АВТОМАТИЗАЦИИ», отдельные ящики «Прием заказов» и «Отдел маркетинга»",http://kb-agava.ru/,Шкафы и щиты управления по ТЗ заказчика,Эрман Георгий Зиновьевич,Генеральный директор,Георгий,Зиновьевич,Эрман,генеральный директор,erman@kb-agava.ru,именной,http://kb-agava.ru/contact,на странице не указана,страница без даты,да,+7 (343) 382-01-92,,new-industrial
АО «Электропровод»,Электропровод,https://elprovod.ru,Подольск (Московская обл.),"Промоборудование: электротехнические комплектующие — производство кабельно-проводниковой продукции (оптоволоконные и специальные кабели, провода)","На странице контактов: «Отдел продаж: 8 (495) 542-59-91», в блоке «Отдел продаж» — руководитель и ведущие менеджеры продаж; в меню раздел «Партнеры»",https://elprovod.ru/contact,Отдел продаж: 8 (495) 542-59-91,Жаров Алексей Алексеевич,Руководитель отдела продаж,Алексей,Алексеевич,Жаров,руководитель отдела продаж,zaa@elprovod.ru,именной,https://elprovod.ru/contact,на странице не указана; в подвале «@2020-2026»,страница без даты,да,8 (495) 542-59-91,адрес из инициалов (zaa@),new-industrial
ООО «ТЕРМОТРОНИК»,ТЕРМОТРОНИК,https://termotronic.ru,Санкт-Петербург,"Промоборудование: КИПиА — производство теплосчётчиков и расходомеров, приборы учёта для промышленности и ЖКХ",«ТЕРМОТРОНИК поставляет спектр контрольно - измерительных приборов и оборудования для КИПиА в технологиии и ЖКХ.»; на странице контактов — сеть региональных партнёров с закреплёнными менеджерами,https://termotronic.ru/,ТЕРМОТРОНИК поставляет спектр контрольно - измерительных приборов и оборудования для КИПиА в технологиии и ЖКХ,Столяров Андрей Николаевич,Коммерческий директор,Андрей,Николаевич,Столяров,коммерческий директор,stolyarov@termotronic.ru,именной,https://termotronic.ru/contacts/,на странице не указана; в подвале «© ТЕРМОТРОНИК 2011-2026»,страница без даты,да,+7 (812) 326-10-50 (доб. 2059),,new-industrial
ООО «Канмаш ДСО» (Канашский машиностроительный завод),Канмаш,http://kanmash.ru,Канаш (Чувашская Республика),Промоборудование: промышленное оборудование — производство дробильно-сортировочного и размольного оборудования,"«Канмаш: продажа дробильно сортировочного оборудования от изготовителя»; на странице контактов — разделы «Представительства», «Сотрудничество» и специалисты по продажам по регионам",http://kanmash.ru/,Канмаш: продажа дробильно сортировочного оборудования от изготовителя,Митюков Федор Валерьевич,Коммерческий директор,Федор,Валерьевич,Митюков,коммерческий директор,mfv@kanmash.ru,именной,http://kanmash.ru/kontakty.html,на странице не указана; в подвале «© 1997-2024 «Канашский машиностроительный завод»»,страница без даты,да,8 800 250-75-00,адрес из инициалов (mfv@),new-industrial
ПАО «Пензмаш»,Пензмаш,https://penzmash.ru,Пенза,"Промоборудование: машиностроение — оборудование для пищевой промышленности и сельхозтехника (жатки «ОЗОН»), продажи через дилеров","«ПАО «Пензмаш» и дилер «ВМ-Агро» представили универсальную жатку «ОЗОН» на «Дне Поля-2026» в Нижнем Новгороде»; в меню разделы «Дилерам» и «Дилеры жаток «ОЗОН»», в контактах — «Служба маркетинга и реализации»",https://penzmash.ru/,ПАО «Пензмаш» и дилер «ВМ-Агро» представили универсальную жатку «ОЗОН» на «Дне Поля-2026» в Нижнем Новгороде,Недвига Юлия Анатольевна,Начальник отдела маркетинга,Юлия,Анатольевна,Недвига,начальник отдела маркетинга,nedviga_ua@penzmash.ru,именной,https://penzmash.ru/contacts/,"на странице не указана; в подвале «©2007 - 2026 ПАО ""Пензмаш""»",страница без даты,да,8 (8412) 36-96-21,,new-industrial
ООО «УТЗ» (Уральский Трубопроводный Завод),УТЗ,https://utz-arm.ru,Екатеринбург,"Промоборудование: трубопроводная арматура — комплексные поставки задвижек, затворов, клапанов и элементов трубопровода, производство под заказ","«Комплексно поставляем магистральную арматуру: задвижки, затворы, клапаны, отводы, тройники, фланцы, переходы - все это исключительного качества и по ценам производителя.»",https://utz-arm.ru/,"Комплексно поставляем магистральную арматуру: задвижки, затворы, клапаны, отводы, тройники, фланцы, переходы - все это исключительного качества и по ценам производителя",Пономарев Дмитрий Вячеславович,Коммерческий директор,Дмитрий,Вячеславович,Пономарев,коммерческий директор,dp@utz-arm.ru,именной,https://utz-arm.ru/company/staff/,"на странице не указана; в подвале «© 2026 ""Уральский Трубопроводный Завод""»",страница без даты,да,8 (800) 250-06-45,адрес из инициалов (dp@),new-industrial
ООО «СНОЛ-ТЕРМ»,СНОЛ-ТЕРМ,https://snol-term.ru,Тверь,"Промоборудование: лабораторное оборудование — поставщик лабораторного оборудования SNOL и FG (электропечи), сервис, ремонт и аттестация","«Являясь добросовестным поставщиком, «СНОЛ-ТЕРМ» поставляет только новые, официально ввезенные в Россию приборы»; в заголовке — «поставка и сервис по РФ и странам ЕАЭС»",https://snol-term.ru/,"Являясь добросовестным поставщиком, «СНОЛ-ТЕРМ» поставляет только новые, официально ввезенные в Россию приборы",Ядров Артем Михайлович,Коммерческий директор,Артем,Михайлович,Ядров,коммерческий директор,yam@snol-term.ru,именной,https://snol-term.ru/kontakty/,на странице не указана; на главной — объявление «Изменение цен с февраля 2026»,страница без даты,да,+7 (4822) 399-579,адрес из инициалов (yam@),new-misc
ООО «ЭКРОСХИМ» (ГК «ЭКРОС»),ЭКРОСХИМ,https://ecohim.ru,Санкт-Петербург,"Промоборудование: лабораторное оборудование — производитель общелабораторного и аналитического оборудования и лабораторной мебели, комплексное оснащение лабораторий","На странице контактов — блок «Наш отдел продаж», ящик «sale@ecohim.ru - Почта для Ваших заявок», кнопка «Получить КП»",https://ecohim.ru/contacts/,Наш отдел продаж,Пашнин Денис Аркадьевич,Коммерческий директор,Денис,Аркадьевич,Пашнин,коммерческий директор,pashnin@ecohim.ru,именной,https://ecohim.ru/contacts/,"на странице не указана (в подвале «© 2013- Группа компаний ""ЭКРОС""»); на главной — новости от 30.09.2026",страница без даты,да,+7 (812) 322-96-00,на сайте 230+ сотрудников,new-misc
"КомплектСнаб (ИНН 5020086372, по реквизитам на сайте)",КомплектСнаб,https://ks20.ru,Клин (Московская обл.),"Промоборудование: лабораторное оборудование — поставщик лабораторного оборудования и контрольно-измерительных приборов, комплексное оснащение лабораторий","«Выгодные цены от прямых производителей, система скидок, индивидуальные условия оплаты для постоянных клиентов»; на странице контактов — блок «Отдел продаж» с руководителем проектных продаж",https://ks20.ru/,"Выгодные цены от прямых производителей, система скидок, индивидуальные условия оплаты для постоянных клиентов",Акименко Дмитрий Олегович,Коммерческий директор,Дмитрий,Олегович,Акименко,коммерческий директор,da@ks19.ru,именной,https://ks20.ru/contact-us,на странице не указана,страница без даты,да,+7 (495) 798-29-98,"почта на домене ks19.ru, его печатает сам сайт; адрес из инициалов (da@); юрлицо на сайте названо только реквизитами",new-misc
ООО «Сигм плюс инжиниринг»,Сигм плюс инжиниринг,https://massflow.ru,Москва,"Промоборудование: лабораторное и технологическое газовое оборудование — расходомеры и регуляторы расхода газа, системы газоподготовки (собственное производство и поставки)",«Мы работаем только с юридическими лицами!»; на той же странице — «Многоканальный телефон Отдел продаж»,https://massflow.ru/contacts/,Мы работаем только с юридическими лицами!,Петровский Александр,Руководитель отдела продаж,Александр,,Петровский,руководитель отдела продаж,A.Petrovskiy@siplus.ru,именной,https://massflow.ru/contacts/,"в подвале страницы: © Сигм плюс инжиниринг, 2005 –2026",страница без даты,да,+7 (495) 789-36-64 (доб. 1),"почта на домене siplus.ru, его печатает сам сайт",new-misc
ООО «БЗПА»,БЗПА,https://bzpa.ru,Брянск,"Промоборудование: электротехника — производство и комплексные поставки ИБП, АКБ, УЗИП, блоков питания","«Комплексные поставки оборудования: ИБП (источники бесперебойного питания), АКБ (аккумуляторные батареи), УЗИП (устройства защиты от импульсных перенапряжений)…»; на странице команды — отдел продаж по городам",https://bzpa.ru/,"Комплексные поставки оборудования: ИБП (источники бесперебойного питания), АКБ (аккумуляторные батареи), УЗИП (устройства защиты от импульсных перенапряжений)",Калугина Вера Сергеевна,Директор по продажам,Вера,Сергеевна,Калугина,директор по продажам,kalugina.v@bzpa.ru,именной,https://bzpa.ru/company/team/,"в подвале страницы: © ООО “БЗПА”, 2026",страница без даты,да,+7 (383) 375 96 06,телефон в карточке — номер новосибирского офиса (офисы продаж также в Москве и Санкт-Петербурге); на сайте 380+ сотрудников,new-misc
ООО «ММП-Ирбис»,ММП-Ирбис,https://mmp-irbis.ru,Москва,"Промоборудование: силовая электроника — производитель модулей и блоков питания, преобразователей напряжения, контрактная сборка","««ММП-Ирбис» не просто продает источники питания, — мы проектируем, разрабатываем и поставляем устройства силовой электроники»; в меню — раздел «Дистрибьюторы»",https://mmp-irbis.ru/,"«ММП-Ирбис» не просто продает источники питания, — мы проектируем, разрабатываем и поставляем устройства силовой электроники",Лукин Анатолий Владимирович,Генеральный директор,Анатолий,Владимирович,Лукин,генеральный директор,lukin@mmp-irbis.ru,именной,https://mmp-irbis.ru/contacts/,на странице не указана,страница без даты,да,+7 (495) 927-10-16,,new-misc
ООО «Бранум» (сайт «Фаворит-Электро»),Бранум,https://f-elres.ru,Санкт-Петербург,"Промдистрибуция: электротехника — поставка электротехнического оборудования (среднее напряжение 6–35 кВ, вакуумные выключатели, молниезащита и заземление); собственный инжиниринговый центр","«Помощь в проектировании и предоставление готовых решений проектным организациям, а также обучение монтажных организаций работе с поставляемой продукцией»",https://f-elres.ru/,"Помощь в проектировании и предоставление готовых решений проектным организациям, а также обучение монтажных организаций работе с поставляемой продукцией",Дмитрий Пономарев,Руководитель отдела проектных продаж,Дмитрий,,Пономарев,руководитель отдела,ponomarev@f-elres.ru,именной,https://f-elres.ru/contacts/,в подвале страницы: Copyright 2026 ООО «Бранум»,страница без даты,да,+7 812 241-14-51,"руководитель одного из отделов продаж (проектные продажи); дат на сайте нет, разделы новостей и «о компании» заполнены демо-текстом шаблона",new-misc
ООО «ЭЛМАТЕК»,ЭЛМАТЕК,https://elmatec.ru,Москва,"Промдистрибуция: электротехника — дистрибьютор электроизоляционных материалов (Von Roll, DuPont и др.) для электротехники и машиностроения",«Наши поставщики – крупнейшие производители высокотехнологичных электроизоляционных материалов для любых производств»; приглашение на свой стенд на выставке «ЭЛЕКТРО 2026»,https://elmatec.ru/,Наши поставщики – крупнейшие производители высокотехнологичных электроизоляционных материалов для любых производств,Ян Боксинер,Генеральный директор,Ян,,Боксинер,генеральный директор,yan.boksiner@elmatec.ru,именной,https://elmatec.ru/i/about/,в подвале страницы: © 2004-2024 ООО «ЭЛМАТЕК»; на главной — анонс выставки ЭЛЕКТРО 2026,страница без даты,да,+7 (499) 707-7071 (доб. 101),в подвале сайта «© 2004-2024»; на главной — приглашения на выставки 2026 года,new-misc
ГК «СИМБИО»,СИМБИО,https://simbio.ru,Москва,"Оптовая дистрибуция: ветеринарные препараты, кормовые добавки, корма и оборудование для сельхозпроизводителей и зообизнеса","Мета-описание главной страницы: «Основным видом деятельности Группы Компаний „СИМБИО“ является реализация ветеринарных препаратов, кормовых добавок, ферментов, кормов, продуктов для дезинфекции, диагностических наборов и оборудования, как для производителей сельскохозяйственной продукции, так и владельцев собак и кошек, ветеринарных клиник, профессиональных заводчиков и зоомагазинов»; на странице контактов — менеджеры по ключевым клиентам и региональным продажам",https://simbio.ru/,"является реализация ветеринарных препаратов, кормовых добавок, ферментов, кормов, продуктов для дезинфекции, диагностических наборов и оборудования, как для производителей сельскохозяйственной продукции, так и владельцев собак и кошек, ветеринарных клиник, профессиональных заводчиков и зоомагазинов",Морару Андрей Семенович,Коммерческий директор,Андрей,Семенович,Морару,коммерческий директор,andrey.moraru@simbio.ru,именной,https://simbio.ru/mdzh/kontakty/,2026-03-12 (дата обновления на странице),2026-03,да,+7 (495) 984-53-11,верхняя граница среднего бизнеса: на странице контактов больше 100 сотрудников,new-supply
ООО «Током-Элит»,Током-Элит,https://tokomelit.ru,Москва,"Оптовая дистрибуция: пищевые ингредиенты — дистрибьютор заквасочных культур, ферментов и ингредиентов для молочной и кондитерской промышленности",«Сегодня с московского склада «Током-Элит» осуществляются ежедневные поставки заквасочных культур и ферментов по всей территории Российской Федерации и Казахстана»,https://tokomelit.ru/,Сегодня с московского склада «Током-Элит» осуществляются ежедневные поставки заквасочных культур и ферментов по всей территории Российской Федерации и Казахстана,Титкова Мария,Директор по продажам,Мария,,Титкова,директор по продажам,titkova@tokomelit.ru,именной,https://tokomelit.ru/kontakty/,"в подвале страницы: © OOO «Током-Элит», 2019-2026",страница без даты,да,+7 (499) 270-01-28,,new-misc
ООО «БиэМСи-Фуд ингредиентс» (BMC-Food),BMC-Food,https://bmc-food.ru,Москва,"Оптовая дистрибуция: пищевые ингредиенты и добавки оптом для пищевых производств и БАД (дистрибьютор, склады в Домодедово и Черноголовке)","«Наши решения используют ведущие производители кондитерских, мясных, хлебопекарных и косметических продуктов в России и за рубежом»",https://bmc-food.ru/contact,"Наши решения используют ведущие производители кондитерских, мясных, хлебопекарных и косметических продуктов в России и за рубежом",Мэлине Мурадян,Руководитель отдела продаж,Мэлине,,Мурадян,руководитель отдела продаж,m.muradyan@bmc-food.ru,именной,https://bmc-food.ru/,в подвале страницы: © 2026 ООО «БиэМСи-Фуд ингредиентс»,страница без даты,да,+7 (495) 748-03-62,"сайт расходится в должности: «Руководитель отдела продаж» на главной и /contact, «Менеджер по продажам» на /stati — перед отправкой уточнить роль",new-misc
Технопак-Флекс (ООО «Технопак-Флекс»),Технопак-Флекс,http://technopack.spb.ru,Санкт-Петербург,"Упаковка: производитель барьерных плёнок, вакуумных пакетов и гибкой упаковки с печатью","«К каждому клиенту прикрепляется менеджер, который осуществляет консультации и сопровождение сделки» (главная); на странице контактов отдел продаж разбит на Санкт-Петербург, Москву и регионы",http://technopack.spb.ru/,"К каждому клиенту прикрепляется менеджер, который осуществляет консультации и сопровождение сделки",Смолин Константин Викторович,Коммерческий директор,Константин,Викторович,Смолин,коммерческий директор,k.smolin@technopack.spb.ru,именной,http://technopack.spb.ru/?page_id=17,в подвале страницы: © 2023,страница без даты,да,+7 (812) 318-38-90 (доб. 203),,new-supply
Packovalli (ООО «Эстроком»),Packovalli,https://packovalli.com,Москва,"Упаковка: поставщик тары, флаконов и укупорочных средств производителям косметики, фармацевтики и бытовой химии","«Среди клиентов, как относительно небольшие предприятия, так и крупные заводы, работающие в различных сегментах - от бытовой косметики до продукции специального назначения»",https://packovalli.com/,"Среди клиентов, как относительно небольшие предприятия, так и крупные заводы, работающие в различных сегментах - от бытовой косметики до продукции специального назначения",Александр Бодров,Руководитель отдела продаж,Александр,,Бодров,руководитель отдела продаж,alexander.bodrov@packovalli.ru,именной,https://packovalli.com/contacts/,на странице не указана,страница без даты,да,+7 (495) 150-89-50 (доб. 120),почта на домене packovalli.ru: на нём все адреса сотрудников на сайте packovalli.com,new-supply
"Еникс (ООО «ЕНИКС», Enix.ru)",Еникс,https://enix.ru,Наро-Фоминск (Московская обл.),"Стройматериалы: стройматериалы оптом — комплектация плоской кровли, фасадных систем, строительных швов и монолитных работ","«Мы занимаемся оптовыми поставками материалов и оборудования для строительства и промышленности, как внутри страны, так и на экспорт»",https://enix.ru/o-kompanii,Мы занимаемся оптовыми поставками материалов и оборудования для строительства и промышленности,Николай Миллер,Директор по продажам,Николай,,Миллер,директор по продажам,miller@enix.ru,именной,https://enix.ru/o-kompanii,2025-12-15 (дата обновления на странице),2025-12,да,+7 (495) 155-68-45,для предложений поставщиков сайт указывает отдельный общий ящик,new-supply
Завод «Краски КВИЛ» (ООО «Завод Краски КВИЛ»),Краски КВИЛ,https://kvil.ru,Белгород,"Стройматериалы: лакокрасочные материалы — производитель декоративных и индустриальных ЛКМ, колеровочные системы","«Благодаря разветвленной сбытовой сети выпускаемые торговые марки — широко представлены в оптовой и розничной сетях России»; в контактах — отдел продаж индустриальных материалов, отдел региональных продаж и отдел прямых продаж",https://kvil.ru/,Благодаря разветвленной сбытовой сети выпускаемые торговые марки — широко представлены в оптовой и розничной сетях России,Ковалев Олег Владимирович,Директор по развитию направления промышленных материалов и КС,Олег,Владимирович,Ковалев,директор по развитию,kovalevOV@kvil.ru,именной,https://kvil.ru/contacts/,в подвале страницы: © 2026,страница без даты,да,+7 (4722) 400-049 (доб. 225),"руководит развитием и продажами одного направления, не всей компании",new-supply
НПФ «ТехноТранс» (ООО НПФ «Технотранс»),ТехноТранс,https://технотранс.рф,Курган,"Коммерческая техника: коммерческая и специальная техника — производитель и дилер дорожно-строительной, сельскохозяйственной, лесной и складской техники","Мета-описание главной страницы: «ООО НПФ Технотранс Курган — Официальный дилер заводов. Производитель и крупнейший поставщик спецтехники! Сервис, ремонт, запчасти к спецтехнике, обучение»",https://xn--80ajybdmjbd1a.xn--p1ai/,"ООО НПФ Технотранс Курган — Официальный дилер заводов. Производитель и крупнейший поставщик спецтехники! Сервис, ремонт, запчасти к спецтехнике, обучение",Дедов Андрей Михайлович,Руководитель отдела «Дорожно-строительной техники» (коммерческий отдел),Андрей,Михайлович,Дедов,руководитель отдела,dedov@tt45.ru,именной,https://xn--80ajybdmjbd1a.xn--p1ai/managment,в подвале сайта: © 2022,страница без даты,да,8 (3522) 634-063,"руководитель одного из продуктовых отделов продаж, не всего коммерческого блока; почта на домене tt45.ru, его печатает сам сайт",new-supply
"УралСпецТранс (ООО «Урал СТ», бренд SEVEREST)",УралСпецТранс,https://severest.ru,Миасс (Челябинская обл.),"Коммерческая техника: завод-производитель полуприцепов, цистерн, автофургонов и спецтехники","Мета-описание главной страницы: «Производство и продажа полуприцепов и цистерн, автомобилей с КМУ, автофургонов, а так же другой спецтехники различного назначения»; там же в тексте: «Более 60 000 клиентов — по всей территории России и СНГ»",https://severest.ru/,"Производство и продажа полуприцепов и цистерн, автомобилей с КМУ, автофургонов, а так же другой спецтехники различного назначения",Лапшов Константин Федорович,Руководитель отдела продаж,Константин,Федорович,Лапшов,руководитель отдела продаж,lkf@severest.ru,именной,https://severest.ru/contacts/,"в подвале страницы: © ООО «Урал СТ», 2000-2026",страница без даты,да,8-800-775-33-00,адрес из инициалов (lkf@); ссылка в той же карточке ведёт на второй адрес того же человека,new-supply
Грузовые Прицепы (ООО «Грузовые Прицепы»),Грузовые Прицепы,https://gruz-pricepy.ru,Нижний Новгород,"Коммерческая техника: официальный дилер заводов-производителей полуприцепов (ТОНАР, STEELBEAR, BRAVER, Тверьстроймаш)","«Мы работаем как официальный дилер заводов-производителей, помогаем подобрать полуприцеп под груз, бюджет, лизинг и доставку»",https://gruz-pricepy.ru/,"Мы работаем как официальный дилер заводов-производителей, помогаем подобрать полуприцеп под груз, бюджет, лизинг и доставку",Алексей Шумилков,Коммерческий директор,Алексей,,Шумилков,коммерческий директор,a.shumilkov@gruz-pricepy.ru,именной,https://gruz-pricepy.ru/kontakty/,на странице не указана,страница без даты,да,8-800-302-9003,,new-supply
Компания Логистик Пак (ООО «Компания Логистик Пак»),Логистик Пак,https://onsklad.ru,Москва,"Логистика: складская логистика — ответственное хранение на складе класса B+, складская обработка, кросс-докинг, погрузочно-разгрузочные работы","«Мы организуем хранение грузов на складе для бизнеса и частных клиентов, обеспечивая безопасные условия размещения, прозрачный учёт и удобную логистику»; «Это особенно актуально для интернет-магазинов, дистрибьюторов и производственных компаний»",https://onsklad.ru/,"Мы организуем хранение грузов на складе для бизнеса и частных клиентов, обеспечивая безопасные условия размещения, прозрачный учёт и удобную логистику",Анна Магрицкая,Коммерческий директор,Анна,,Магрицкая,коммерческий директор,anna@onsklad.ru,именной,https://onsklad.ru/company/staff/,на странице не указана,страница без даты,да,8 (495) 128-93-91,адрес по имени (anna@),new-supply
RFL (reFresh Logic),RFL,https://www.fresh-logic.ru,Томилино (Московская обл.),"Логистика: 3PL и фулфилмент — ответственное хранение, складская логистика, фулфилмент интернет-магазинов, доставка",«Комплексные логистические услуги на всех этапах цепи поставок для B2B и B2C компаний»,https://www.fresh-logic.ru/,Комплексные логистические услуги на всех этапах цепи поставок для B2B и B2C компаний,Ольга Муллаярова,Коммерческий директор,Ольга,,Муллаярова,коммерческий директор,mullayarova@fresh-logic.ru,именной,https://www.fresh-logic.ru/o-nas,в подвале страницы: © 2009 – 2026,страница без даты,да,+7 495 668 09 34,,new-supply
ПОЛИТЭК (ООО «Политэк»),Политэк,https://politec.su,Москва,"Логистика ВЭД: международная экспедиция — мультимодальные контейнерные перевозки, закупочная и таможенная логистика","«„Политэк“ — экспедиторская компания, работающая на рынке закупочной, транспортной и таможенной логистики с 2004 года»; на главной — кнопка «Оставить заявку» и раздел «Запрос ставки»",https://politec.su/,"экспедиторская компания, работающая на рынке закупочной, транспортной и таможенной логистики с 2004 года",Покладов Александр,Коммерческий директор,Александр,,Покладов,коммерческий директор,pokladov@ooo-polytec.ru,именной,https://politec.su/,"в подвале страницы: Copyright © ООО ""Политэк"", 2001-2023",страница без даты,да,+7 (936) 666-86-93,"почта на домене ooo-polytec.ru, его печатает сам сайт; телефон — общий номер из шапки сайта",new-supply
Optimalog (ООО «Оптима лог»),Optimalog,https://optimalog.ru,Москва,"Логистика ВЭД: международная логистика — контейнерные, авиа- и автоперевозки, таможенное оформление",Мета-описание главной страницы: «Компания международных логистических услуг в Москве OPTIMALOG с опытом более 15 лет!»; на странице сотрудников — отдел продаж и отдел по развитию клиентов,https://optimalog.ru/,Компания международных логистических услуг в Москве OPTIMALOG с опытом более 15 лет!,Михаил Зимненко,Руководитель отдела продаж,Михаил,,Зимненко,руководитель отдела продаж,m.zimnenko@optimalog.ru,именной,https://optimalog.ru/company/staff/,в подвале страницы: © 2009 - 2026,страница без даты,да,+7 (800) 500-53-22 (доб. 1143),,new-supply
КаргоМодуль,КаргоМодуль,https://cargomodul.ru,Екатеринбург,"Логистика ВЭД: международная логистика и таможенное оформление — перевозки, ВЭД-аутсорсинг, складские услуги",Мета-описание главной страницы: «Комплексные услуги по организации международных перевозок грузов любого типа - транспортно-логистическая компания КаргоМодуль»; на главной — кнопка «Заказать консультацию»,https://cargomodul.ru/,Комплексные услуги по организации международных перевозок грузов любого типа - транспортно-логистическая компания КаргоМодуль,Шамхан Алексей Михайлович,Коммерческий директор,Алексей,Михайлович,Шамхан,коммерческий директор,alexeysh.svx@cargomodul.ru,именной,https://cargomodul.ru/management/,на странице не указана,страница без даты,да,+7 (343) 287-28-82,в адресе имя и первые буквы фамилии (alexeysh.svx@),new-supply
UNEX (Unex Перевозки и Логистика),UNEX,https://unexspb.ru,Санкт-Петербург,"Логистика ВЭД: экспедиция и портовая логистика — авто-, ж/д и морские перевозки, портовое экспедирование, таможенная очистка, агентские услуги","«UNEX - Ваш надежный партнер для всех видов грузоперевозок, складского хранения и таможенного оформления»; «МЫ Готовы решить ВСЕ ВОПРОСЫ по ВЭД, сэкономить Ваше время и подобрать выгодные решения»",https://unexspb.ru/,"UNEX - Ваш надежный партнер для всех видов грузоперевозок, складского хранения и таможенного оформления",Богдан Кудаев,Коммерческий директор,Богдан,,Кудаев,коммерческий директор,bogdan@unexspb.ru,именной,https://unexspb.ru/,заголовок сервера Last-Modified: 06.05.2026,страница без даты,да,+7 (812) 448-50-18,адрес по имени (bogdan@),new-supply
ООО «Предприятие «ФЭСТ»,ФЭСТ,https://festltd.ru,Кострома,Медицинские изделия: производитель аптечек первой помощи; отдельное направление — СИЗ,"«Официальный сайт ООО Предприятие ФЭСТ Производитель аптечек первой помощи ФЭСТ»; на странице контактов — «ОТДЕЛ СБЫТА», тендерный отдел и отдел сбыта в Москве",https://festltd.ru/,Официальный сайт ООО Предприятие ФЭСТ Производитель аптечек первой помощи ФЭСТ,Балуева Екатерина Юрьевна,Коммерческий директор,Екатерина,Юрьевна,Балуева,коммерческий директор,balueva@fest-k.ru,именной,https://festltd.ru/contacts,в подвале страницы: © 2026,страница без даты,да,+7 (4942) 49-32-06,"почта на домене fest-k.ru, его печатает сам сайт; размер компании на сайте не назван, среди партнёров — федеральные сети",new-misc
ООО «Медицинские изделия» (Казань),Медицинские изделия,https://medizdelie.ru,Казань,"Медицинские изделия: производитель одноразовых полимерных инструментов (гинекологические наборы, зеркала, зонды)","«Для получения подробной информации о реализуемых товарах, работах и услугах и их цене необходимо обращаться к менеджерам компании ООО «Медицинские изделия»»; на главной — участие в выставке «Здравоохранение-2025» и обращение «Уважаемые партнеры и коллеги!»",https://medizdelie.ru/contacts/,"Для получения подробной информации о реализуемых товарах, работах и услугах и их цене необходимо обращаться к менеджерам компании ООО «Медицинские изделия»",Хабирова Регина,Начальник отдела продаж,Регина,,Хабирова,начальник отдела продаж,regina@medizdelie.ru,именной,https://medizdelie.ru/contacts/,на странице не указана; на главной — новость о выставке «Здравоохранение-2025»,страница без даты,да,8 (843) 233-44-00,адрес по имени (regina@); генеральный директор назван на той же странице без адреса,new-misc
АО «ДЗМО» (Досчатинский завод медицинского оборудования),ДЗМО,https://dzmo.ru,Выкса (Нижегородская обл.),Медицинские изделия: медицинское оборудование — производитель медицинской мебели и техники,"На странице контактов — региональные менеджеры: «Менеджер отдела продаж и отгрузки по Москве и Московской области, Уральскому ФО»; заголовок сайта — «Медицинская мебель от производителя»",https://dzmo.ru/contacts/,"Менеджер отдела продаж и отгрузки по Москве и Московской области, Уральскому ФО",Леонид Лебедев,Коммерческий директор,Леонид,,Лебедев,коммерческий директор,lebedev@dzmo.ru,именной,https://dzmo.ru/contacts/,в подвале страницы: 2003 - 2026 © АО «ДЗМО»,страница без даты,да,+7 (831) 774-80-30,добавочный номер ЛПР на сайте — 2-12; завод находится в р.п. Досчатое,new-misc
«Адвамедикс» (Advamedics),Адвамедикс,https://advamedics.ru,Москва,"Медицинские изделия: медицинские расходные материалы — эксклюзивный дистрибьютор Poly Medicure (анестезиология, реанимация, хирургия)","«Спешим сообщить, что для крупных оптовых компаний мы предлагаем взаимовыгодные условия сотрудничества и еще более выгодные ценовые предложения»; «Приглашаем к сотрудничеству московские и региональные компании»",https://advamedics.ru/,"Спешим сообщить, что для крупных оптовых компаний мы предлагаем взаимовыгодные условия сотрудничества и еще более выгодные ценовые предложения",Елена Никулина,Коммерческий директор,Елена,,Никулина,коммерческий директор,nikulina@advamedics.ru,именной,https://advamedics.ru/company/staff/,в подвале страницы: © 2026 «Адвамедикс»,страница без даты,да,+7 (495) 744-34-79 (доб. 107),,new-misc
ООО «Сувенирная компания» (бренд «Адверти»),Адверти,https://adverti.ru,Москва,"Полиграфия и сувениры: сувенирная продукция с логотипом и корпоративные подарки оптом, нанесение",«Запас корпоративных подарков позволит вам в любой момент сделать презент клиенту или партнеру»; заголовок сайта — «изготовление подарков на заказ оптом в Москве»,https://adverti.ru/,Запас корпоративных подарков позволит вам в любой момент сделать презент клиенту или партнеру,Аполлонова Наталья,Руководитель отдела продаж,Наталья,,Аполлонова,руководитель отдела продаж,n.apollonova@adverti.ru,именной,https://adverti.ru/contacts.html,в подвале страницы: © «Адверти» - сувенирная продукция 2003-2026,страница без даты,да,+7 495 739 90 80,"на сайте два руководителя отдела продаж, блок озаглавлен «Менеджеры отдела продаж»",new-misc
ООО «МДМпринт»,МДМпринт,https://mdmprint.ru,Москва,"Полиграфия и сувениры: типография — цифровая и широкоформатная печать, полиграфия для бизнеса и рекламы, сувенирная продукция",«Принимаем заказы на печать корпоративных календарей»; в команде на странице контактов — три руководителя отдела продаж и старшие менеджеры,https://mdmprint.ru/,Принимаем заказы на печать корпоративных календарей,Андрей Курятов,Руководитель отдела продаж,Андрей,,Курятов,руководитель отдела продаж,an@mdmprint.ru,именной,https://mdmprint.ru/contacts/,в подвале страницы: © 2012–2026,страница без даты,да,+7 (495) 256-10-00 (доб. 102),короткий адрес (an@); должность «Руководитель отдела продаж» на странице носят трое; в отзывах клиенты благодарят его за ведение заказов,new-misc
"Sunprint (типография, Москва)",Sunprint,https://sunprint.ru,Москва,"Полиграфия и сувениры: типография и мерч — полиграфия, упаковка, сувенирная продукция с брендированием, шелкография",«брендирование · тиражи от 50 шт · полный цикл»; в штате на странице контактов — «Руководитель отдела продаж»,https://sunprint.ru/contacts.html,брендирование · тиражи от 50 шт · полный цикл,Кравченко Дмитрий,Директор,Дмитрий,,Кравченко,директор,dima@sunprint.ru,именной,https://sunprint.ru/contacts.html,на странице не указана,страница без даты,да,+7 (495) 741-67-91,адрес по имени (dima@); юрлицо на странице не названо,new-misc
"Типографский комплекс «Девиз» (ГК «Девиз»: ООО «Принт», ООО «Издательство «ДА»)",Девиз,https://npt.ru,Санкт-Петербург,"Полиграфия и сувениры: типография — офсетная и листовая печать, полиграфия для бизнеса и издательств","«У нас вы можете заказать полиграфию для себя, для бизнеса или издательство»; в меню — раздел «Отдел продаж», «Скидки предоставляются постоянным клиентам, при печати большого тиража»",https://npt.ru/,"У нас вы можете заказать полиграфию для себя, для бизнеса или издательство",Имамназаров Илья Анварович,Коммерческий директор,Илья,Анварович,Имамназаров,коммерческий директор,ilya@npt.ru,именной,https://npt.ru/kontakty/rukovodstvo/,в подвале страницы: © 1995—2026 Типографский комплекс «Девиз»,страница без даты,да,+7 (812) 335-18-30,адрес по имени (ilya@); на сайте 300+ сотрудников,new-misc
FreshOffice (ООО «Свежие решения»),FreshOffice,https://www.freshoffice.ru,Санкт-Петербург,B2B SaaS: CRM-система для отделов продаж,"«С нами вы получаете не просто программное обеспечение — вы получаете партнёра, который заинтересован в вашем успехе.»",https://www.freshoffice.ru/contacts,"С нами вы получаете не просто программное обеспечение — вы получаете партнёра, который заинтересован в вашем успехе",Игорь Сугнач,CEO и Основатель,Игорь,,Сугнач,основатель,dir@freshoffice.ru,ящик должности ЛПР,https://www.freshoffice.ru/contacts,на странице не указана,страница без даты,да,,ящик должности dir@ в карточке CEO,new-it
Стахановец,Стахановец,https://stakhanovets.ru,Москва,"B2B SaaS: B2B-ПО (вендор) — защита от утечек, учёт рабочего времени","«У нас более 20 000 клиентов в России, дружественных странах и по всему миру, а общее число установок комплекса Стахановец уже превысило 2 миллиона устройств.»",https://stakhanovets.ru/o-kompanii/,"У нас более 20 000 клиентов в России, дружественных странах и по всему миру, а общее число установок комплекса Стахановец уже превысило 2 миллиона устройств",Дмитрий Исаев,Исполнительный директор,Дмитрий,,Исаев,исполнительный директор,askceo@stakhanovets.ru,ящик должности ЛПР,https://stakhanovets.ru/o-kompanii/,на странице не указана,страница без даты,да,+7 (499) 110-64-10,ящик askceo@ — письмо может разбирать не сам руководитель,new-it
ROCCS (ООО «ИТЦ «РОККС»),ROCCS,https://roccs.ru,Новосибирск,"Интеграторы и автоматизация: телеком-интегратор — оборудование связи Eltex, проектирование и внедрение",«Интеграция комплексных IT-решений в инфраструктуру Заказчика — приоритетное направление развития компании!»,https://roccs.ru,Интеграция комплексных IT-решений в инфраструктуру Заказчика — приоритетное направление развития компании!,Дмитрий Шилин,Директор,Дмитрий,,Шилин,директор,ceo@roccs.ru,ящик должности ЛПР,https://roccs.ru/contacts/,на странице не указана,страница без даты,да,+7 (383) 247 98 88,ящик должности ceo@ в карточке директора,new-it
Mavlad,Mavlad,https://mavlad.ru,Липецк,"Интеграторы и автоматизация: услуги 1С, обслуживание компьютеров организаций, веб-разработка","«Мы - команда профессиональных специалистов, осуществляющих реализацию IT-проектов любой сложности.»",https://mavlad.ru,"Мы - команда профессиональных специалистов, осуществляющих реализацию IT-проектов любой сложности",Алексей Владимирович Малофеев,Генеральный директор,Алексей,Владимирович,Малофеев,генеральный директор,ceo@mavlad.ru,ящик должности ЛПР,https://mavlad.ru/informatsiya/staff/,на странице не указана,страница без даты,да,+7 (4742) 52-23-34,ящик должности ceo@; небольшая компания (около 17 человек),new-it
ООО «Технологии Без Границ» (ТБГ),Технологии Без Границ,https://techwb.ru,Бийск (Алтайский край),"Инжиниринг и промбезопасность: инжиниринг — проектирование и создание пищевых и перерабатывающих производств «под ключ», нестандартное оборудование, сервис","«Компания специализируется на разработке, реализации и полной сервисной поддержке современных высокотехнологичных производств»; на странице — блок «Коммерческий отдел» с кнопкой «Связаться с нами»",https://techwb.ru/o-kompanii/,"Компания специализируется на разработке, реализации и полной сервисной поддержке современных высокотехнологичных производств",Приходько Дмитрий Анатольевич,Директор,Дмитрий,Анатольевич,Приходько,директор,director@techwb.ru,ящик должности ЛПР,https://techwb.ru/o-kompanii/,в подвале страницы: © 2024 Технологии Без Границ,страница без даты,да,+7 (3854)-30-27-43,"ящик должности director@ в карточке директора; страница изменена 26.11.2024 (по карте сайта) — 22 месяца при пороге 24, перед отправкой перепроверить должность",new-misc
НЕРАЗРУШАЮЩИЙ КОНТРОЛЬ,Неразрушающий контроль,https://ncontrol.ru,Екатеринбург,"Промоборудование: неразрушающий контроль и техдиагностика — поставка оборудования, сервис, метрология, лаборатории НК",На странице сотрудников отдельный блок «Отдел продаж» с должностями «Руководитель отдела продаж» и «Руководитель клиентской группы»,https://ncontrol.ru/o_kompanii/sotrudniki,Руководитель отдела продаж,Анна Александровна Чебыкина,Коммерческий директор,Анна,Александровна,Чебыкина,коммерческий директор,117@ncontrol.ru,ящик должности ЛПР,https://ncontrol.ru/o_kompanii/sotrudniki,на странице не указана; в подвале © 1993—2026,страница без даты,да,+7 (343) 227-333-7 (доб. 117),адрес по внутреннему номеру (117@) в карточке коммерческого директора,new-agency
ООО «Компрессор Центр»,Компрессор Центр,https://prokompressor.ru,Барнаул,"Промоборудование: компрессорное оборудование — подбор, поставка и сервис промышленных компрессоров, проекты «под ключ»",«Более 6000 клиентов по всей России и СНГ доверили нам свои задачи по организации систем сжатого воздуха.»,https://prokompressor.ru/company/,Более 6000 клиентов по всей России и СНГ доверили нам свои задачи по организации систем сжатого воздуха,Игорь Волков,Коммерческий директор,Игорь,,Волков,коммерческий директор,102@prokompressor.ru,ящик должности ЛПР,https://prokompressor.ru/company/staff/,"на странице не указана; в подвале «© 2007-2026, ООО «Компрессор Центр»»",страница без даты,да,8 (800) 551-77-32,адрес по внутреннему номеру (102@) в карточке коммерческого директора,new-industrial
ООО «Ижевский кузнечно-механический завод» (ИКМЗ),ИКМЗ,https://ikmz.ru,Ижевск,"Промоборудование: металлообработка — поковки, литьё (сталь, чугун, бронза), запорная арматура и фланцы на заказ",«Поставляем продукцию по всей России и странам ближнего зарубежья»,https://ikmz.ru/,Поставляем продукцию по всей России и странам ближнего зарубежья,Брагин Олег Иванович,Коммерческий директор,Олег,Иванович,Брагин,коммерческий директор,komdir@ikmz.ru,ящик должности ЛПР,https://ikmz.ru/contacts/,на странице не указана; в подвале «© ООО «ИКМЗ» 2025»,страница без даты,да,+7 (3412) 56-96-18,ящик должности komdir@; в той же карточке напечатан и общий zavod@ (не взят),new-industrial
10-ГПЗ (ООО «10-ГПЗ»),10-ГПЗ,https://10-gpz.ru,Ростов-на-Дону,Промдистрибуция: подшипники (производство и опт),«Обратитесь в отдел продаж… формировать даже самые крупные оптовые партии»,https://10-gpz.ru/postavka_podshipnikov/,крупные оптовые партии,Фоменко Евгений Игоревич,Коммерческий директор,Евгений,Игоревич,Фоменко,коммерческий директор,kd@10-gpz.ru,ящик должности ЛПР,https://10-gpz.ru/kontakty/,страница без даты (подвал сайта «2001-2026. ООО «10-ГПЗ»»),страница без даты,да,+7 (863) 301-55-10 (доб. 770),ящик должности kd@; заводом управляет ФГУП «НАМИ» — приоритет ниже,upg-2
EastFood (ООО «ИстФуд»),EastFood,https://eastfood.spb.ru,Санкт-Петербург,"Оптовая дистрибуция: HoReCa — оптовый поставщик продуктов питания для ресторанов и кафе (рыба, морепродукты, бакалея, соусы)",Заголовок сайта: «Поставщик продуктов питания для HoReCa ресторанов и кафе в Санкт-Петербурге»; в шапке — «Запрос расчета Оптовой цены» и раздел «Доставка для юридических лиц»,https://eastfood.spb.ru/,Поставщик продуктов питания для HoReCa ресторанов и кафе в Санкт-Петербурге,Максим Васильев,Руководитель ОП (отдела продаж),Максим,,Васильев,руководитель ОП,rop@eastfood.spb.ru,ящик должности ЛПР,https://eastfood.spb.ru/,в подвале страницы: © 2019 - 2026 год,страница без даты,да,+7 (812) 975-05-06,ящик должности rop@ в карточке руководителя отдела продаж; на сайте должность напечатана сокращённо — «Руководитель ОП»,new-misc
"«Еда36» (поставщик HoReCa, Воронеж)",Еда36,https://eda-36.ru,Воронеж,"Оптовая дистрибуция: HoReCa — оптовые поставки продуктов питания ресторанам и кафе (замороженное мясо, птица, рыба, морепродукты, сыры)",Заголовок сайта: «Еда36 — поставки продуктов питания для HoReCa в Воронеже»; на странице контактов — отдельные строки «Руководитель отдела продаж» и «Отдел закупок»,https://eda-36.ru/,Еда36 — поставки продуктов питания для HoReCa в Воронеже,Мешалкин Виктор Владимирович,Директор,Виктор,Владимирович,Мешалкин,директор,director@eda-36.ru,ящик должности ЛПР,https://eda-36.ru/pages/contacts/,в подвале страницы: 2021–2026 © «Еда36»,страница без даты,да,8 (4732) 090-777,ящик должности director@ в карточке директора; юрлицо по странице реквизитов — ООО «ЕДА36»,new-misc
ПЗПИ (ООО «ПЗПИ»),ПЗПИ,https://pzpi.ru,Воскресенск (МО),"Упаковка: пластиковая тара и укупорка, контрактное производство","Отдельная линия «Отдел продаж», «Крупный опт ПНД, ПЭТ тары и укупорки», услуга контрактного производства",https://pzpi.ru/services/contract-production/,Крупный опт ПНД,Вижанский Алексей Самойлович,Директор,Алексей,Самойлович,Вижанский,директор,dir@pzpi.ru,ящик должности ЛПР,https://pzpi.ru/company/staff/vizhanskiy-aleksey-samoylovich/,страница без даты (подвал сайта «2026 © PZPI»),страница без даты,да,+7 800 234 72 44,ящик должности dir@ в карточке директора,upg-2
ООО «МИМ» (Тюмень),МИМ,https://ooo-mim.ru,Тюмень,"Медицинские изделия: производитель медицинских изделий (цех полимерного литья, цех сборки и упаковки, цех газовой стерилизации)","«ООО ""МИМ"" Производство и реализация медицинской продукции»; на главной — участие в выставке «Здравоохранение-2025»",https://ooo-mim.ru/,"ООО ""МИМ"" Производство и реализация медицинской продукции",Красуцкая Татьяна Владимировна,Коммерческий директор,Татьяна,Владимировна,Красуцкая,коммерческий директор,director@ooo-mim.ru,ящик должности ЛПР,https://ooo-mim.ru/company/kontakty3,на странице не указана; на главной — новость от 1 декабря 2025,страница без даты,да,+7 (3452) 59-18-80 (доб. 114),ящик должности director@ напечатан в карточке коммерческого директора (у генерального — CEO@); производство — в с. Мальково Тюменского района,new-misc
ООО Торговый Дом «Айболит» (ТД Айболит),ТД Айболит,https://aybolit2000.ru,Нижний Новгород,Медицинские изделия: медицинская и лабораторная мебель и оборудование — производитель и поставщик для медучреждений,«Поставки в сфере здравоохранения осуществляются с 1999г.»; заголовок сайта — «производитель медицинской мебели и оборудования в Нижнем Новгороде»; на странице контактов — региональные представители,https://aybolit2000.ru/,Поставки в сфере здравоохранения осуществляются с 1999г.,Ильин Вячеслав Абрамович,Директор,Вячеслав,Абрамович,Ильин,директор,direct@aybolit2000.ru,ящик должности ЛПР,https://aybolit2000.ru/contacts/,на странице не указана,страница без даты,да,8 (831) 417-90-99,ящик должности direct@ в карточке директора,new-misc
