company,site,contact_role,email,email_source,segment,sales_signal,city,компания_в_письме,тип_адреса,дата_страницы,оговорка,имя_ЛПР,должность_ЛПР,источник_имени
СОЛВО (ООО «СОЛВО»),https://solvo.ru,Директор по маркетингу — именной,om@solvo.ru,https://solvo.ru,B2B SaaS: B2B-ПО (вендор) — WMS и TOS для складов и терминалов,"«Поможем автоматизировать терминал, склад или грузовой двор» — https://solvo.ru",Санкт-Петербург,СОЛВО,именной,на странице не указана,"адрес из инициалов (om@), напечатан в блоке «Для прессы»; на сайте 250+ сотрудников",Мария Оленникова,Директор по маркетингу,https://solvo.ru
TEAMLY,https://teamly.ru,Исполнительный директор — именной,v.manerov@teamly.ru,https://teamly.ru/contacts/,B2B SaaS: корпоративная база знаний,"Кнопка «Записаться на демо», партнёрская программа — https://teamly.ru/",Москва,TEAMLY,именной,на странице не указана,телефон — общий номер из шапки сайта,Владимир Манеров,Исполнительный директор,https://teamly.ru/contacts/
Интегрус (ООО «Интегрус»),https://integrus.ru,Генеральный директор — именной,p.dzyuba@integrus.ru,https://integrus.ru/kontakty,Интеграторы и автоматизация: ИТ-аутсорсинг и системная интеграция для бизнеса,«Предоставляемые нами IT-решения нацелены на реализацию полного потенциала информационной системы организации (предприятия).» — https://integrus.ru,Санкт-Петербург,Интегрус,именной,на странице не указана,,Пётр Дзюба,Генеральный директор,https://integrus.ru/kontakty
Интелком (ООО «Интелком»),https://rosintelcom.ru,Генеральный директор — именной,paltsev@rosintelcom.ru,https://rosintelcom.ru/contacts/,Интеграторы и автоматизация: интегратор информационной безопасности,«Специалисты компании с радостью ответят на ваши вопросы и произведут расчет стоимости услуг и подготовят индивидуальное коммерческое предложение.» — https://rosintelcom.ru,Тула,Интелком,именной,на странице не указана,сайт обновляется редко: последняя новость 06.2025,Пальцев Михаил Витальевич,Генеральный директор,https://rosintelcom.ru/contacts/
Дженерал Смета (ООО «Дженерал Смета»),https://gensmeta.ru,"Руководитель отдела продаж, специалист по тендерам — именной",pavlov@gensmeta.ru,https://gensmeta.ru/about/nashi-sotrudniki.html,"Интеграторы и автоматизация: B2B-ПО — поставка и сопровождение сметных программ (Smeta.RU), обучение сметчиков","«Официальный сайт ООО ""Дженерал Смета"" - эксперта по сопровождению сметных отделов» — https://gensmeta.ru",Москва,Дженерал Смета,именной,на странице не указана,,Павлов Леонид Викторович,"Руководитель отдела продаж, специалист по тендерам",https://gensmeta.ru/about/nashi-sotrudniki.html
Сикрет Технолоджис (ООО «Сикрет Технолоджис»),https://secretgroup.ru,Генеральный директор — именной,bondarenko@secretgroup.ru,https://secretgroup.ru/rukovodstvo/,Интеграторы и автоматизация: интегратор информационной безопасности и ИТ-инфраструктуры,"«Нам доверяют крупнейшие государственные компании, предприятия нефтегазовой отрасли, промышленные предприятия, банки и коммерческие компании.» — https://secretgroup.ru",Москва,Сикрет Технолоджис,именной,на странице не указана,,Бондаренко Леонид Григорьевич,Генеральный директор,https://secretgroup.ru/rukovodstvo/
iGrids,https://igrids.ru,Начальник отдела подготовки предложений и маркетинга — именной,egorova_en@igrids.ru,https://igrids.ru/company/staff/,"Интеграторы и автоматизация: информационная безопасность для электроэнергетики (проектирование, разработка, внедрение)","«Мы – iGrids, более 8 лет оказываем услуги по проектированию, разработке и внедрению решений для обеспечения информационной безопасности в электроэнергетической отрасли.» — https://igrids.ru",Чебоксары,iGrids,именной,на странице не указана,телефон не записан: на сайте только мобильный,Екатерина Николаевна Егорова,Начальник отдела подготовки предложений и маркетинга,https://igrids.ru/company/staff/
Vkorpe (ООО «Вкорпе»),https://vkorpe.ru,Руководитель отдела (Корпоративный отдел) — именной,as@vkorpe.ru,https://vkorpe.ru/team/,"Интеграторы и автоматизация: системный интегратор, корпоративные поставки ИТ-оборудования и ПО",«Корпоративные поставки оборудования и программного обеспечения» — https://vkorpe.ru,Санкт-Петербург,Vkorpe,именной,на странице не указана,"адрес из инициалов (as@), дан ссылкой в карточке; на странице «О компании» должность — руководитель корпоративного отдела продаж",Андреев Сергей Сергеевич,Руководитель отдела (Корпоративный отдел),https://vkorpe.ru/team/
АМКАД,https://amcad.ru,Генеральный директор — именной,gam@amcad.ru,https://amcad.ru/company/staff/,"Интеграторы и автоматизация: поставка и внедрение САПР, PDM и PLM-систем","«Выслушаем ваши задачи для бизнеса, и на их основе предложим варианты развития.» — https://amcad.ru",Челябинск,АМКАД,именной,на странице не указана,адрес из инициалов (gam@),Александр Газизулин,Генеральный директор,https://amcad.ru/company/staff/
Южная Софтверная Компания (ГК ЮСК),https://usk.ru,Исполнительный директор — именной,vitaliy@usk.ru,https://usk.ru/company/staff/,"Интеграторы и автоматизация: системный интегратор — поставка ПО, информационная безопасность, заказная разработка","«Менеджеры компании ответят на ваши вопросы, произведут расчет стоимости услуг и подготовят индивидуальное коммерческое предложение.» — https://usk.ru",Ростов-на-Дону,ЮСК,именной,на странице не указана,"адрес по имени (vitaliy@), дан ссылкой в карточке",Виталий Фуников,Исполнительный директор,https://usk.ru/company/staff/
АСАП Разработка (ООО «АСАП Разработка»),https://asapcg.ru,Генеральный директор — именной,valeri.vorobiev@asapcg.com,https://asapcg.ru/contacts/,Интеграторы и автоматизация: внедрение и сопровождение 1С:ERP / MES / APS для предприятий,«Оставьте заявку и наши специалисты свяжутся с Вами в ближайшее время» — https://asapcg.ru,Москва,АСАП Разработка,именной,на странице не указана,почта на домене asapcg.com: asapcg.ru переадресует на него,Валерий Воробьев,Генеральный директор,https://asapcg.ru/contacts/
Network Solutions (ООО «Нетворк Солюшнс»),https://networkss.ru,Заместитель директора по коммерческой деятельности — именной,kl@networkss.ru,https://networkss.ru/about/,Интеграторы и автоматизация: поставка и интеграция телеком-оборудования Eltex для бизнеса и операторов,"«Основной деятельностью компании NETWORK SOLUTIONS является осуществление комплексных поставок телекоммуникационного оборудования государственным учреждениям, корпорациям, промышленным предприятиям, провайдерам услуг связи по всей территории Российской Федерации» — https://networkss.ru/about/",Новосибирск,Network Solutions,именной,на странице не указана,адрес из инициалов (kl@),Кирилл Левин,Заместитель директора по коммерческой деятельности,https://networkss.ru/about/
Кибер Стратегия (ООО «Кибер Стратегия»),https://cyber-strategy.ru,Коммерческий директор — именной,spy@cyber-strategy.ru,https://cyber-strategy.ru/contacts/,Интеграторы и автоматизация: интегратор информационной безопасности,"«Выбор и внедрение оптимальных методик, оборудования и программного обеспечения для защиты корпоративной инфраструктуры.» — https://cyber-strategy.ru",Красноярск,Кибер Стратегия,именной,на странице не указана,короткий адрес (spy@) в строке коммерческого директора,Павел Стригин,Коммерческий директор,https://cyber-strategy.ru/contacts/
Технологии учета,https://tu-don.ru,Генеральный директор — именной,a.pavlov@tu-don.ru,https://tu-don.ru/company/staff/,"Интеграторы и автоматизация: 1С:Франчайзи — автоматизация учёта, WMS для складов",«Комплексная автоматизациия учета на базе программных продуктов фирмы «1С»» — https://tu-don.ru,Ростов-на-Дону,Технологии учета,именной,на странице не указана,,Павлов Александр Сергеевич,Генеральный директор,https://tu-don.ru/company/staff/
АЙТИС,https://aitis.pro,Директор — именной,pao@aitis.pro,https://aitis.pro/company/staff/,"Интеграторы и автоматизация: 1С:Франчайзи — внедрение и сопровождение 1С, торговое оборудование",«Учитываем специфику бизнеса и делаем удобно и эффективно» — https://aitis.pro,Барнаул,АЙТИС,именной,на странице не указана,адрес из инициалов (pao@),Алексей Олегович Пятковский,Директор,https://aitis.pro/company/staff/
Крипта (ООО «Крипта»),https://kripta.ru,Генеральный директор — именной,stam@kripta.ru,https://kripta.ru/company/staff/,"Интеграторы и автоматизация: 1С:Франчайзи — внедрение 1С, кассовое ПО, ИТ-аутсорсинг","«представляет на рынке Амурской области продукты и технологии, которые помогут правильно построить учет в организации, безопасно управлять бизнесом» — https://kripta.ru/company/",Благовещенск,Крипта,именной,на странице не указана,"короткий адрес (stam@), дан ссылкой в карточке",Маркевич Станислав Анатольевич,Генеральный директор,https://kripta.ru/company/staff/
Центр консалтинговых проектов (ООО «Центр консалтинговых проектов»),https://it-murman.ru,Генеральный директор — именной,BetevaOA@it-murman.ru,https://it-murman.ru/company/management,"Интеграторы и автоматизация: 1С:Франчайзи — автоматизация бизнеса и учреждений, разработка, ИТ-сопровождение","«Нашей компании более 12 лет, у нас есть многолетний опыт реализации ИТ-проектов различного масштаба и отраслевой специфики.» — https://it-murman.ru",Мурманск,Центр консалтинговых проектов,именной,на странице не указана,,Бетева Оксана Анатольевна,Генеральный директор,https://it-murman.ru/company/management
Интерволга,https://www.intervolga.ru,Руководитель коммерческого отдела — именной,daniil.nesterov@intervolga.ru,https://www.intervolga.ru/contacts/,"Интеграторы и автоматизация: внедрение 1С-Битрикс, Битрикс24 и отечественного ПО","Отдельный ящик для новых клиентов: «Заказать наши услуги, проконсультироваться, предложить партнёрство»; в контактах указан руководитель коммерческого отдела — https://www.intervolga.ru/contacts/",Волгоград,Интерволга,именной,на странице не указана,в компании ещё три проверенных контакта — писать сначала одному,Даниил Нестеров,Руководитель коммерческого отдела,https://www.intervolga.ru/contacts/
Аспро,https://aspro.ru,Директор по продажам — именной,ye@aspro.ru,https://aspro.ru/company/staff/head/yaroslav-egorov/,"Интеграторы и автоматизация: готовые решения на 1С-Битрикс, партнёрская сеть внедренцев","В шапке сайта телефон «Отдел продаж», раздел «Стать партнером» — https://aspro.ru/contact/",Челябинск,Аспро,именной,на странице не указана,адрес из инициалов (ye@); в отделе продаж ещё два проверенных контакта,Ярослав Егоров,Директор по продажам,https://aspro.ru/company/staff/head/yaroslav-egorov/
Клеверенс,https://www.cleverence.ru,Руководитель отдела маркетинга — именной,ngrigoriev@cleverence.ru,https://www.cleverence.ru/press-center/,"Интеграторы и автоматизация: ПО для склада, магазина и маркировки (ТСД)","Партнёрская программа «Стать партнером», отдел продаж в контактах — https://www.cleverence.ru/",Москва,Клеверенс,именной,на странице не указана,адрес опубликован как контакт для СМИ,Никита Григорьев,Руководитель отдела маркетинга,https://www.cleverence.ru/press-center/
Пиксель Плюс,https://pixelplus.ru,Руководитель отдела продаж SEO и рекламы — именной,lunin@pixelplus.ru,https://pixelplus.ru/studio/team/head/aleksandr-lunin.html,"B2B-маркетинг: digital-агентство (SEO, сайты, реклама)","В контактах «Отдел продаж: +7 495 989-53-11», отделы продаж в нескольких городах — https://pixelplus.ru/contact/",Москва,Пиксель Плюс,именной,на странице не указана,"digital-агентство: смежный рынок, рассылок среди услуг на сайте нет",Александр Лунин,Руководитель отдела продаж SEO и рекламы,https://pixelplus.ru/studio/team/head/aleksandr-lunin.html
Никольская Консалтинг,https://nikolskaya.ru,Управляющий партнёр — именной,Alexei.Roudiak@nikolskaya.ru,https://nikolskaya.ru/persons/aleksej-rudyak,"Юридические услуги: B2B-юридический консалтинг — корпоративная практика, M&A, споры, санкционные и регуляторные вопросы","«Люблю расспрашивать клиентов про их бизнес. Про то, как сформулированы коммерческие цели и как расставлены приоритеты» — https://nikolskaya.ru/persons/aleksej-rudyak",Москва,Никольская Консалтинг,именной,"на странице не указана; Last-Modified 02.09.2026, в подвале сайта 2026","сигнал продаж — личная цитата партнёра, отдела продаж на сайте не видно",Алексей Рудяк,Управляющий партнёр,https://nikolskaya.ru/persons/aleksej-rudyak
Консалтинговая Группа ЭТАЛОН,https://www.etalon-cons.ru,Руководитель отдела развития — именной,boriskova@etalon-cons.ru,https://www.etalon-cons.ru/komanda/,"Юридические услуги: юридические услуги для бизнеса (отраслевые практики, с 1997 г.)",«Консалтинговая Группа ЭТАЛОН: юридические услуги для бизнеса» — https://www.etalon-cons.ru/,Москва,ЭТАЛОН,именной,на странице не указана; в подвале сайта © 1997–2026,"небольшая практика, отдела продаж на сайте не видно",Борискова Ольга Викторовна,Руководитель отдела развития,https://www.etalon-cons.ru/komanda/
Адвокатское бюро «Качкин и Партнеры»,https://kachkin.ru,Директор по развитию — именной,maria.romancheva@kachkin.ru,https://kachkin.ru/press/contact/,"Юридические услуги: юридические услуги для бизнеса — недвижимость, ГЧП, корпоративное право, банкротство (30+ юристов)","«С нами работают клиенты из различных отраслей, включая энергетику и природные ресурсы, промышленность, банки и финансы, строительство» — https://kachkin.ru/about/",Санкт-Петербург,Качкин и Партнеры,именной,на странице не указана; в подвале © 2001 — 2026,адрес напечатан в блоке пресс-контактов,Мария Романчева,Директор по развитию,https://kachkin.ru/press/contact/
Коллегия адвокатов «Регионсервис»,https://regionservice.com,"Управляющий партнер офиса Коллегии в г. Москве, руководитель практики «Недвижимость и строительство» — именной",a.zholobova@regionservice.com,https://regionservice.com/team/anna-zholobova/,"Юридические услуги: юридическая поддержка бизнеса — недвижимость и строительство, банкротство, споры; офисы в 5 городах",«Коллегия адвокатов Регионсервис — Юридическая поддержка бизнеса» — https://regionservice.com/,Москва,Регионсервис,именной,на странице не указана; новости на сайте до 02.10.2026,"ЛПР на уровне московского офиса, головной офис коллегии — в Кемерове",Анна Жолобова,"Управляющий партнер офиса Коллегии в г. Москве, руководитель практики «Недвижимость и строительство»",https://regionservice.com/team/anna-zholobova/
Адвокатское бюро «Трубор»,https://trubor.ru,Управляющий партнер — именной,trukhanov@trubor.ru,https://trubor.ru/team/,"Юридические услуги: юридические услуги для бизнеса — сделки, споры, банкротства, отраслевые практики",«Мы помогаем бизнесу расти. Оставьте юридические вопросы нам и сосредоточьтесь на своей основной деятельности.» — https://trubor.ru/,Москва,Трубор,именной,"на странице не указана; в подвале © 2026, новости до 20.07.2026",,Кирилл Труханов,Управляющий партнер,https://trubor.ru/team/
HLB Внешаудит (АО «Эйч Эл Би Внешаудит»),https://vneshaudit.ru,Генеральный директор — именной,ov.mityanina@vneshaudit.ru,https://vneshaudit.ru/about/rukovoditeli/,"Аудит и консалтинг: аудит, МСФО, налоговый и управленческий консалтинг, CFO-услуги для компаний",«Нам доверяют более 270 компаний» — https://vneshaudit.ru/,Москва,Внешаудит,именной,на странице не указана,сайт обновляется редко — перед отправкой перепроверить должность,Ольга Вячеславовна Митянина,Генеральный директор,https://vneshaudit.ru/about/rukovoditeli/
RRG (Группа компаний RRG),https://rrg.ru,Генеральный директор — именной,kolokolnikov@rrg.ru,https://rrg.ru/contacts.php,"Аудит и консалтинг: консалтинг, управление и эксплуатация, брокеридж на рынке коммерческой недвижимости (B2B)",«Компания RRG профессионально управляет всем жизненным циклом коммерческой недвижимости»; на странице контактов блок «Для заказчиков:» — https://rrg.ru/,Москва,RRG,именной,на странице не указана; новости на сайте до 21.07.2026,"в новости от 08.07.2026 назван основателем и управляющим партнёром, на странице контактов — генеральным директором",Денис Колокольников,Генеральный директор,https://rrg.ru/contacts.php
ООО «Первая Комплексная Регистрационная Компания» (ПКРК),https://fcrc.ru,Руководитель отдела продаж — именной,anna.slobodenuk@fcrc.ru,https://fcrc.ru/,"Аудит и консалтинг: регистрация медицинских изделий, сертификация, лицензирование и локализация производства — услуги для производителей и поставщиков медизделий","«Мы ценим время и деньги наших клиентов, поэтому предлагаем разный набор услуг от комплексного процесса регистрации, до оказания отдельных видов работ или консультаций»; кнопка «Узнать стоимость» — https://fcrc.ru/",Москва,ПКРК,именной,"в подвале страницы: © 2026 ООО ""Первая Комплексная Регистрационная Компания""",,Слободенюк Анна,Руководитель отдела продаж,https://fcrc.ru/
MidlandHunt,https://midlandhunt.com,Управляющий директор — именной,ms@midlandhunt.com,https://midlandhunt.com/team/,Подбор руководителей: executive search — подбор топ-менеджеров для компаний,«Есть вопрос по подбору Executive Search? Быстрая связь с консультантами кадрового агентства по подбору топ-менеджеров MidlandHunt.» — https://midlandhunt.com/,Москва,MidlandHunt,именной,на странице не указана,"адрес из инициалов (ms@); страница команды не менялась с 12.2022, должность подтверждает главная страница",Марина Степанова,Управляющий директор,https://midlandhunt.com/team/
ProPersonnel,https://propersonnel.ru,Основатель — именной,dt@propersonnel.ru,https://propersonnel.ru/,Подбор руководителей: HR-агентство — executive search и подбор руководителей высшего и среднего звена,"«10 лет помогаем компаниям находить сотрудников высшего и среднего звена. Офисы Москва, Дубай.» — https://propersonnel.ru/",Москва,ProPersonnel,именной,на странице не указана; Last-Modified 30.09.2026,адрес из инициалов (dt@); он же в подвале сайта как адрес для заявок на подбор,Татьяна Долякова,Основатель,https://propersonnel.ru/
Regroup,https://regroups.ru,"Управляющий партнер, Глава практики подбора руководителей высшего звена — именной",Morsina@regroups.ru,https://regroups.ru/solution/executivesearch/,"Подбор руководителей: консалтинг по управленческим командам — executive search, оценка и развитие руководителей",«Мы будем рады обсудить ваши задачи и предложить решение» — https://regroups.ru/solution/executivesearch/,Москва,Regroup,именной,на странице не указана; в подвале © 1996—2026,,Оксана Морсина,"Управляющий партнер, Глава практики подбора руководителей высшего звена",https://regroups.ru/solution/executivesearch/
НПФ ЭИТЭК,https://eitec.ru,Генеральный директор — именной,nigmatullin@eitek.ru,https://eitec.ru/o-kompanii/rukovodstvo/,"Инжиниринг и промбезопасность: инжиниринг — EP/EPC-проекты технологических установок НПЗ, проектирование, R&D",«Давайте обсудим ваш проект! Отправьте нам заявку на консультацию» — https://eitec.ru/,Москва,ЭИТЭК,именной,на странице не указана; в подвале © 1992 — 2026,"почта на домене eitek.ru: сайт eitec.ru печатает на нём все свои адреса; проектный инжиниринг, отдела продаж на сайте не видно",Нигматуллин Виль Ришатович,Генеральный директор,https://eitec.ru/o-kompanii/rukovodstvo/
АЛЬФА ИНЖИНИРИНГ,https://alfamatic.ru,Коммерческий директор — именной,v.volegov@alfamatic.ru,https://alfamatic.ru/company/staff/,Инжиниринг и промбезопасность: инжиниринг — промышленная автоматизация и роботизация производств,«Поможет реализовать любой проект для Вашего предприятия.» (подпись к карточке коммерческого директора) — https://alfamatic.ru/company/staff/,Новосибирск,АЛЬФА ИНЖИНИРИНГ,именной,"на странице не указана; Last-Modified 01.10.2026, в подвале © 2026",,Волегов Владимир Сергеевич,Коммерческий директор,https://alfamatic.ru/company/staff/
Учебный экспертный центр «Строитель»,https://ucstroitel.ru,Генеральный директор — именной,av@ucstroitel.ru,https://ucstroitel.ru/contacts/,"Инжиниринг и промбезопасность: корпоративное обучение по охране труда и промбезопасности, СОУТ, экспертиза промышленной безопасности","«экспертное объединение компаний, деятельность которых ориентирована на обеспечение безопасности труда в организациях с любым видом экономической деятельности»; в контактах есть «Руководитель отдела продаж» — https://ucstroitel.ru/",Екатеринбург,УЭЦ Строитель,именной,на странице не указана; новости на сайте до 17.09.2026,адрес из инициалов (av@); сайт описывает группу юрлиц,Андрей Валерьевич Прикмета,Генеральный директор,https://ucstroitel.ru/contacts/
Лаборатория промышленной безопасности,https://labrf.ru,Директор — именной,mariya@labrf.ru,https://labrf.ru/kontakty/,"Инжиниринг и промбезопасность: экспертиза промышленной безопасности, техническое диагностирование, электролаборатория, неразрушающий контроль",«Работаем по всей России»; «Нам доверяют ведущие компании» — https://labrf.ru/,Уфа,Лаборатория промышленной безопасности,именной,"на странице не указана; в подвале © 2022, последняя новость на сайте 03.11.2022","адрес по имени (mariya@); новости на сайте обрываются 11.2022, страница контактов изменена 04.2026; небольшая фирма",Манойлова Мария Михайловна,Директор,https://labrf.ru/kontakty/
ООО «Автоматизация Производств» (apdar.ru),https://apdar.ru,Директор — именной,dar@apdar.ru,https://apdar.ru/company/vacancy/team/,"Инжиниринг и промбезопасность: промышленная автоматизация — АСУ ТП, производство шкафов автоматики, проектирование, поставка и монтаж оборудования",«Предоставляем полный комплекс услуг от проектно-изыскательных работ до поставки и монтажа оборудования»; в структуре компании — «Коммерческий отдел» с начальником — https://apdar.ru/,Томск,Автоматизация Производств,именной,на странице не указана; в подвале «© 2006 - 2026 Автоматизация Производств»,короткий адрес (dar@) в карточке директора,Дмитрий Рождественский,Директор,https://apdar.ru/company/vacancy/team/
ООО «ЭДС» (Екатеринбург),https://edc-ekb.ru,Генеральный директор — именной,svv@eds-ekb.ru,https://edc-ekb.ru/about/,"Инжиниринг и промбезопасность: проектирование и монтаж электроснабжения, электромонтаж, электролаборатория, поставка электрооборудования","«Поставки электротехнического оборудования и материалов»; «На сегодняшний день услуги компании ООО «ЭДС» активно востребованы как в промышленном, так и в коммерческом секторе рынка электротехники»; «Компания ЭДС выполняет работы под ключ, начиная с проектирования и до сдачи ЭУ в эксплуатацию» — https://edc-ekb.ru/",Екатеринбург,ЭДС,именной,"на странице — лента новостей, последняя запись от 07.08.2026","почта на домене eds-ekb.ru, его печатает сам сайт; адрес из инициалов (svv@)",Шенявский Владимир Викторович,Генеральный директор,https://edc-ekb.ru/about/
ГК Волгаэнергопром,https://gcvep.ru,Директор по маркетингу — именной,tatyana.alekseeva@gcvep.ru,https://gcvep.ru/,"Промоборудование: торгово-инжиниринговая компания — сварочное оборудование, дизельные электростанции (продажа, аренда, сервис), роботизация","В блоке «Наша команда» на главной: «Руководитель отдела продаж в нефтегазовом секторе», «Руководитель управления проектных продаж» — https://gcvep.ru/",Самара,Волгаэнергопром,именной,на странице не указана; новости на главной до 30.09.2026,на сайте заявлено 500 сотрудников,Алексеева Татьяна,Директор по маркетингу,https://gcvep.ru/
ЗАО «ПО «Муромский завод трубопроводной арматуры» (МЗТА),https://mztpa.ru,Коммерческий директор — именной,pupkov@mztpa.ru,https://mztpa.ru/contacts,"Промоборудование: трубопроводная арматура — производство стальных задвижек, сбыт через собственное ПО (эксклюзивный дистрибьютор завода)","«Ключевыми потребителями продукции предприятия являются ПАО «Роснефть», ПАО «Сибур Холдинг», ПАО «Газпромнефть» и др.»; на сайте разделы «Дилеры» и «Контакты отдела продаж» — https://mztpa.ru/about/mztpa",Муром (Владимирская обл.),МЗТА,именной,"на странице не указана; в подвале «© ЗАО «ПО «МЗТА», 2009-2025»",,Пупков Александр Сергеевич,Коммерческий директор,https://mztpa.ru/contacts
ООО «Челябинский завод электрооборудования» (ЧЗЭО),https://www.chelzeo.ru,Коммерческий директор — именной,loskutnikov@chelzeo.ru,https://www.chelzeo.ru/contacts/,"Промоборудование: электротехническое оборудование — трансформаторные подстанции, КСО, КРУ, НКУ до 35 кВ",«Мы осуществляем производство и поставку более 30 видов электротехнической продукции напряжением до 35 кВ.»; на странице контактов — отдел продаж с двумя руководителями и раздел «Дилеры» — https://www.chelzeo.ru/,Челябинск,ЧЗЭО,именной,на странице не указана,,Лоскутников Владимир,Коммерческий директор,https://www.chelzeo.ru/contacts/
Компрессорный завод «АРСМАШ» (марка ЗИФ),http://zif.su,Коммерческий директор — именной,d.maksimov@zif.su,http://zif.su/contacts/,"Промоборудование: компрессорное оборудование — производство дизельных, электрических, газовых компрессоров ЗИФ, запчасти и сервис","На странице «Контакты сотрудников» — отдел продаж: «Руководитель отдела продаж», «Руководитель направления проектных продаж», «Менеджер направления продаж ЗИП»; в меню «Оформить запрос», «Сервисные центры» — http://zif.su/contacts/",Санкт-Петербург,АРСМАШ,именной,на странице не указана,датированных материалов на сайте нет,Максимов Дмитрий Юрьевич,Коммерческий директор,http://zif.su/contacts/
ООО «Компрессорный завод» (Краснодар),https://compressor-zavod.ru,Коммерческий директор — именной,korneev@compressor-zavod.ru,https://compressor-zavod.ru/kontaktnaya-informatsiya_kqygcrm,Промоборудование: компрессорное оборудование — производство и поставка компрессоров и запасных частей,"«ООО ""Компрессорный завод"" уже много лет сотрудничает с российскими и зарубежными заказчиками и поставляет им компрессорное оборудование» — https://compressor-zavod.ru/",Краснодар,Компрессорный завод,именной,на странице не указана; в подвале «2004 - 2026 Все права защищены»,новости на сайте не обновлялись с 06.2021 — перед отправкой перепроверить должность,Корнеев Андрей Викторович,Коммерческий директор,https://compressor-zavod.ru/kontaktnaya-informatsiya_kqygcrm
НПП «Завод МДУ»,https://zavodmdu.ru,Коммерческий директор — именной,dranichnikovav@zavodmdu.ru,https://zavodmdu.ru/contacts/,"Промоборудование: промышленное оборудование — дегазационные и газоотсасывающие установки, азотные установки, вентиляторы, металлоконструкции","«Опыт предприятия включает разработку, изготовление и внедрение различных технических решений для промышленных предприятий.» — https://zavodmdu.ru/",Новокузнецк,Завод МДУ,именной,на странице не указана; в подвале «© 2026 НПП Завод МДУ»,,Драничников Алексей Владимирович,Коммерческий директор,https://zavodmdu.ru/contacts/
ООО «Челябинский завод «Теплоприбор» (ЧТП),https://tpchel.ru,Коммерческий директор — именной,v.doroshko@tpchel.ru,https://tpchel.ru/contacts/,"Промоборудование: КИПиА — производство датчиков температуры и давления, уровнемеров, вторичной аппаратуры","«Свои вопросы и заявки просим отправлять на адрес: sales1@tpchel.ru»; на той же странице блок «Региональные представительства» (Москва, Санкт-Петербург, Пермь, Самара) — https://tpchel.ru/contacts/",Челябинск,Теплоприбор,именной,на странице не указана; в подвале «© 2008 – 2026»; на главной новость от 07.07.2026,,Дорошко Владимир Владимирович,Коммерческий директор,https://tpchel.ru/contacts/
ОАО «Манотомь» (Томский манометровый завод),https://manotom.com,Начальник отдела продаж — именной,nikolaev_ov@manotom.com,https://manotom.com/contacts/company/,"Промоборудование: КИП — производство манометров, датчиков давления и средств измерения давления","«Мы учитываем интересы клиентов, постоянно совершенствуем и обновляем свою продукцию, стремимся к долгосрочному взаимовыгодному сотрудничеству…»; в шапке — «Многоканальные телефоны службы продаж» — https://manotom.com/",Томск,Манотомь,именной,на странице не указана,"адрес на manotom.com, сайт переадресует на manotom.ru — возможен возврат письма; новость о форуме-выставке на сайте — от 26.11.2025: как свежий триггер «выставка» не использовать",Николаев Олег Владиславович,Начальник отдела продаж,https://manotom.com/contacts/company/
ООО Конструкторское бюро «АГАВА»,http://kb-agava.ru,Генеральный директор — именной,erman@kb-agava.ru,http://kb-agava.ru/contact,"Промоборудование: промышленная автоматизация — автоматика котельных, шкафы управления, программируемые контроллеры, измерительные приборы","«Шкафы и щиты управления по ТЗ заказчика»; в шапке «34 ГОДА НА РЫНКЕ АВТОМАТИЗАЦИИ», отдельные ящики «Прием заказов» и «Отдел маркетинга» — http://kb-agava.ru/",Екатеринбург,КБ АГАВА,именной,на странице не указана,,Эрман Георгий Зиновьевич,Генеральный директор,http://kb-agava.ru/contact
АО «Электропровод»,https://elprovod.ru,Руководитель отдела продаж — именной,zaa@elprovod.ru,https://elprovod.ru/contact,"Промоборудование: электротехнические комплектующие — производство кабельно-проводниковой продукции (оптоволоконные и специальные кабели, провода)","На странице контактов: «Отдел продаж: 8 (495) 542-59-91», в блоке «Отдел продаж» — руководитель и ведущие менеджеры продаж; в меню раздел «Партнеры» — https://elprovod.ru/contact",Подольск (Московская обл.),Электропровод,именной,на странице не указана; в подвале «@2020-2026»,адрес из инициалов (zaa@),Жаров Алексей Алексеевич,Руководитель отдела продаж,https://elprovod.ru/contact
ООО «ТЕРМОТРОНИК»,https://termotronic.ru,Коммерческий директор — именной,stolyarov@termotronic.ru,https://termotronic.ru/contacts/,"Промоборудование: КИПиА — производство теплосчётчиков и расходомеров, приборы учёта для промышленности и ЖКХ",«ТЕРМОТРОНИК поставляет спектр контрольно - измерительных приборов и оборудования для КИПиА в технологиии и ЖКХ.»; на странице контактов — сеть региональных партнёров с закреплёнными менеджерами — https://termotronic.ru/,Санкт-Петербург,ТЕРМОТРОНИК,именной,на странице не указана; в подвале «© ТЕРМОТРОНИК 2011-2026»,,Столяров Андрей Николаевич,Коммерческий директор,https://termotronic.ru/contacts/
ООО «Канмаш ДСО» (Канашский машиностроительный завод),http://kanmash.ru,Коммерческий директор — именной,mfv@kanmash.ru,http://kanmash.ru/kontakty.html,Промоборудование: промышленное оборудование — производство дробильно-сортировочного и размольного оборудования,"«Канмаш: продажа дробильно сортировочного оборудования от изготовителя»; на странице контактов — разделы «Представительства», «Сотрудничество» и специалисты по продажам по регионам — http://kanmash.ru/",Канаш (Чувашская Республика),Канмаш,именной,на странице не указана; в подвале «© 1997-2024 «Канашский машиностроительный завод»»,адрес из инициалов (mfv@),Митюков Федор Валерьевич,Коммерческий директор,http://kanmash.ru/kontakty.html
ПАО «Пензмаш»,https://penzmash.ru,Начальник отдела маркетинга — именной,nedviga_ua@penzmash.ru,https://penzmash.ru/contacts/,"Промоборудование: машиностроение — оборудование для пищевой промышленности и сельхозтехника (жатки «ОЗОН»), продажи через дилеров","«ПАО «Пензмаш» и дилер «ВМ-Агро» представили универсальную жатку «ОЗОН» на «Дне Поля-2026» в Нижнем Новгороде»; в меню разделы «Дилерам» и «Дилеры жаток «ОЗОН»», в контактах — «Служба маркетинга и реализации» — https://penzmash.ru/",Пенза,Пензмаш,именной,"на странице не указана; в подвале «©2007 - 2026 ПАО ""Пензмаш""»",,Недвига Юлия Анатольевна,Начальник отдела маркетинга,https://penzmash.ru/contacts/
ООО «УТЗ» (Уральский Трубопроводный Завод),https://utz-arm.ru,Коммерческий директор — именной,dp@utz-arm.ru,https://utz-arm.ru/company/staff/,"Промоборудование: трубопроводная арматура — комплексные поставки задвижек, затворов, клапанов и элементов трубопровода, производство под заказ","«Комплексно поставляем магистральную арматуру: задвижки, затворы, клапаны, отводы, тройники, фланцы, переходы - все это исключительного качества и по ценам производителя.» — https://utz-arm.ru/",Екатеринбург,УТЗ,именной,"на странице не указана; в подвале «© 2026 ""Уральский Трубопроводный Завод""»",адрес из инициалов (dp@),Пономарев Дмитрий Вячеславович,Коммерческий директор,https://utz-arm.ru/company/staff/
ООО «СНОЛ-ТЕРМ»,https://snol-term.ru,Коммерческий директор — именной,yam@snol-term.ru,https://snol-term.ru/kontakty/,"Промоборудование: лабораторное оборудование — поставщик лабораторного оборудования SNOL и FG (электропечи), сервис, ремонт и аттестация","«Являясь добросовестным поставщиком, «СНОЛ-ТЕРМ» поставляет только новые, официально ввезенные в Россию приборы»; в заголовке — «поставка и сервис по РФ и странам ЕАЭС» — https://snol-term.ru/",Тверь,СНОЛ-ТЕРМ,именной,на странице не указана; на главной — объявление «Изменение цен с февраля 2026»,адрес из инициалов (yam@),Ядров Артем Михайлович,Коммерческий директор,https://snol-term.ru/kontakty/
ООО «ЭКРОСХИМ» (ГК «ЭКРОС»),https://ecohim.ru,Коммерческий директор — именной,pashnin@ecohim.ru,https://ecohim.ru/contacts/,"Промоборудование: лабораторное оборудование — производитель общелабораторного и аналитического оборудования и лабораторной мебели, комплексное оснащение лабораторий","На странице контактов — блок «Наш отдел продаж», ящик «sale@ecohim.ru - Почта для Ваших заявок», кнопка «Получить КП» — https://ecohim.ru/contacts/",Санкт-Петербург,ЭКРОСХИМ,именной,"на странице не указана (в подвале «© 2013- Группа компаний ""ЭКРОС""»); на главной — новости от 30.09.2026",на сайте 230+ сотрудников,Пашнин Денис Аркадьевич,Коммерческий директор,https://ecohim.ru/contacts/
"КомплектСнаб (ИНН 5020086372, по реквизитам на сайте)",https://ks20.ru,Коммерческий директор — именной,da@ks19.ru,https://ks20.ru/contact-us,"Промоборудование: лабораторное оборудование — поставщик лабораторного оборудования и контрольно-измерительных приборов, комплексное оснащение лабораторий","«Выгодные цены от прямых производителей, система скидок, индивидуальные условия оплаты для постоянных клиентов»; на странице контактов — блок «Отдел продаж» с руководителем проектных продаж — https://ks20.ru/",Клин (Московская обл.),КомплектСнаб,именной,на странице не указана,"почта на домене ks19.ru, его печатает сам сайт; адрес из инициалов (da@); юрлицо на сайте названо только реквизитами",Акименко Дмитрий Олегович,Коммерческий директор,https://ks20.ru/contact-us
ООО «Сигм плюс инжиниринг»,https://massflow.ru,Руководитель отдела продаж — именной,A.Petrovskiy@siplus.ru,https://massflow.ru/contacts/,"Промоборудование: лабораторное и технологическое газовое оборудование — расходомеры и регуляторы расхода газа, системы газоподготовки (собственное производство и поставки)",«Мы работаем только с юридическими лицами!»; на той же странице — «Многоканальный телефон Отдел продаж» — https://massflow.ru/contacts/,Москва,Сигм плюс инжиниринг,именной,"в подвале страницы: © Сигм плюс инжиниринг, 2005 –2026","почта на домене siplus.ru, его печатает сам сайт",Петровский Александр,Руководитель отдела продаж,https://massflow.ru/contacts/
ООО «БЗПА»,https://bzpa.ru,Директор по продажам — именной,kalugina.v@bzpa.ru,https://bzpa.ru/company/team/,"Промоборудование: электротехника — производство и комплексные поставки ИБП, АКБ, УЗИП, блоков питания","«Комплексные поставки оборудования: ИБП (источники бесперебойного питания), АКБ (аккумуляторные батареи), УЗИП (устройства защиты от импульсных перенапряжений)…»; на странице команды — отдел продаж по городам — https://bzpa.ru/",Брянск,БЗПА,именной,"в подвале страницы: © ООО “БЗПА”, 2026",телефон в карточке — номер новосибирского офиса (офисы продаж также в Москве и Санкт-Петербурге); на сайте 380+ сотрудников,Калугина Вера Сергеевна,Директор по продажам,https://bzpa.ru/company/team/
ООО «ММП-Ирбис»,https://mmp-irbis.ru,Генеральный директор — именной,lukin@mmp-irbis.ru,https://mmp-irbis.ru/contacts/,"Промоборудование: силовая электроника — производитель модулей и блоков питания, преобразователей напряжения, контрактная сборка","««ММП-Ирбис» не просто продает источники питания, — мы проектируем, разрабатываем и поставляем устройства силовой электроники»; в меню — раздел «Дистрибьюторы» — https://mmp-irbis.ru/",Москва,ММП-Ирбис,именной,на странице не указана,,Лукин Анатолий Владимирович,Генеральный директор,https://mmp-irbis.ru/contacts/
ООО «Бранум» (сайт «Фаворит-Электро»),https://f-elres.ru,Руководитель отдела проектных продаж — именной,ponomarev@f-elres.ru,https://f-elres.ru/contacts/,"Промдистрибуция: электротехника — поставка электротехнического оборудования (среднее напряжение 6–35 кВ, вакуумные выключатели, молниезащита и заземление); собственный инжиниринговый центр","«Помощь в проектировании и предоставление готовых решений проектным организациям, а также обучение монтажных организаций работе с поставляемой продукцией» — https://f-elres.ru/",Санкт-Петербург,Бранум,именной,в подвале страницы: Copyright 2026 ООО «Бранум»,"руководитель одного из отделов продаж (проектные продажи); дат на сайте нет, разделы новостей и «о компании» заполнены демо-текстом шаблона",Дмитрий Пономарев,Руководитель отдела проектных продаж,https://f-elres.ru/contacts/
ООО «ЭЛМАТЕК»,https://elmatec.ru,Генеральный директор — именной,yan.boksiner@elmatec.ru,https://elmatec.ru/i/about/,"Промдистрибуция: электротехника — дистрибьютор электроизоляционных материалов (Von Roll, DuPont и др.) для электротехники и машиностроения",«Наши поставщики – крупнейшие производители высокотехнологичных электроизоляционных материалов для любых производств»; приглашение на свой стенд на выставке «ЭЛЕКТРО 2026» — https://elmatec.ru/,Москва,ЭЛМАТЕК,именной,в подвале страницы: © 2004-2024 ООО «ЭЛМАТЕК»; на главной — анонс выставки ЭЛЕКТРО 2026,в подвале сайта «© 2004-2024»; на главной — приглашения на выставки 2026 года,Ян Боксинер,Генеральный директор,https://elmatec.ru/i/about/
ГК «СИМБИО»,https://simbio.ru,Коммерческий директор — именной,andrey.moraru@simbio.ru,https://simbio.ru/mdzh/kontakty/,"Оптовая дистрибуция: ветеринарные препараты, кормовые добавки, корма и оборудование для сельхозпроизводителей и зообизнеса","Мета-описание главной страницы: «Основным видом деятельности Группы Компаний „СИМБИО“ является реализация ветеринарных препаратов, кормовых добавок, ферментов, кормов, продуктов для дезинфекции, диагностических наборов и оборудования, как для производителей сельскохозяйственной продукции, так и владельцев собак и кошек, ветеринарных клиник, профессиональных заводчиков и зоомагазинов»; на странице контактов — менеджеры по ключевым клиентам и региональным продажам — https://simbio.ru/",Москва,СИМБИО,именной,2026-03-12 (дата обновления на странице),верхняя граница среднего бизнеса: на странице контактов больше 100 сотрудников,Морару Андрей Семенович,Коммерческий директор,https://simbio.ru/mdzh/kontakty/
ООО «Током-Элит»,https://tokomelit.ru,Директор по продажам — именной,titkova@tokomelit.ru,https://tokomelit.ru/kontakty/,"Оптовая дистрибуция: пищевые ингредиенты — дистрибьютор заквасочных культур, ферментов и ингредиентов для молочной и кондитерской промышленности",«Сегодня с московского склада «Током-Элит» осуществляются ежедневные поставки заквасочных культур и ферментов по всей территории Российской Федерации и Казахстана» — https://tokomelit.ru/,Москва,Током-Элит,именной,"в подвале страницы: © OOO «Током-Элит», 2019-2026",,Титкова Мария,Директор по продажам,https://tokomelit.ru/kontakty/
ООО «БиэМСи-Фуд ингредиентс» (BMC-Food),https://bmc-food.ru,Руководитель отдела продаж — именной,m.muradyan@bmc-food.ru,https://bmc-food.ru/,"Оптовая дистрибуция: пищевые ингредиенты и добавки оптом для пищевых производств и БАД (дистрибьютор, склады в Домодедово и Черноголовке)","«Наши решения используют ведущие производители кондитерских, мясных, хлебопекарных и косметических продуктов в России и за рубежом» — https://bmc-food.ru/contact",Москва,BMC-Food,именной,в подвале страницы: © 2026 ООО «БиэМСи-Фуд ингредиентс»,"сайт расходится в должности: «Руководитель отдела продаж» на главной и /contact, «Менеджер по продажам» на /stati — перед отправкой уточнить роль",Мэлине Мурадян,Руководитель отдела продаж,https://bmc-food.ru/
Технопак-Флекс (ООО «Технопак-Флекс»),http://technopack.spb.ru,Коммерческий директор — именной,k.smolin@technopack.spb.ru,http://technopack.spb.ru/?page_id=17,"Упаковка: производитель барьерных плёнок, вакуумных пакетов и гибкой упаковки с печатью","«К каждому клиенту прикрепляется менеджер, который осуществляет консультации и сопровождение сделки» (главная); на странице контактов отдел продаж разбит на Санкт-Петербург, Москву и регионы — http://technopack.spb.ru/",Санкт-Петербург,Технопак-Флекс,именной,в подвале страницы: © 2023,,Смолин Константин Викторович,Коммерческий директор,http://technopack.spb.ru/?page_id=17
Packovalli (ООО «Эстроком»),https://packovalli.com,Руководитель отдела продаж — именной,alexander.bodrov@packovalli.ru,https://packovalli.com/contacts/,"Упаковка: поставщик тары, флаконов и укупорочных средств производителям косметики, фармацевтики и бытовой химии","«Среди клиентов, как относительно небольшие предприятия, так и крупные заводы, работающие в различных сегментах - от бытовой косметики до продукции специального назначения» — https://packovalli.com/",Москва,Packovalli,именной,на странице не указана,почта на домене packovalli.ru: на нём все адреса сотрудников на сайте packovalli.com,Александр Бодров,Руководитель отдела продаж,https://packovalli.com/contacts/
"Еникс (ООО «ЕНИКС», Enix.ru)",https://enix.ru,Директор по продажам — именной,miller@enix.ru,https://enix.ru/o-kompanii,"Стройматериалы: стройматериалы оптом — комплектация плоской кровли, фасадных систем, строительных швов и монолитных работ","«Мы занимаемся оптовыми поставками материалов и оборудования для строительства и промышленности, как внутри страны, так и на экспорт» — https://enix.ru/o-kompanii",Наро-Фоминск (Московская обл.),Еникс,именной,2025-12-15 (дата обновления на странице),для предложений поставщиков сайт указывает отдельный общий ящик,Николай Миллер,Директор по продажам,https://enix.ru/o-kompanii
Завод «Краски КВИЛ» (ООО «Завод Краски КВИЛ»),https://kvil.ru,Директор по развитию направления промышленных материалов и КС — именной,kovalevOV@kvil.ru,https://kvil.ru/contacts/,"Стройматериалы: лакокрасочные материалы — производитель декоративных и индустриальных ЛКМ, колеровочные системы","«Благодаря разветвленной сбытовой сети выпускаемые торговые марки — широко представлены в оптовой и розничной сетях России»; в контактах — отдел продаж индустриальных материалов, отдел региональных продаж и отдел прямых продаж — https://kvil.ru/",Белгород,Краски КВИЛ,именной,в подвале страницы: © 2026,"руководит развитием и продажами одного направления, не всей компании",Ковалев Олег Владимирович,Директор по развитию направления промышленных материалов и КС,https://kvil.ru/contacts/
НПФ «ТехноТранс» (ООО НПФ «Технотранс»),https://технотранс.рф,Руководитель отдела «Дорожно-строительной техники» (коммерческий отдел) — именной,dedov@tt45.ru,https://xn--80ajybdmjbd1a.xn--p1ai/managment,"Коммерческая техника: коммерческая и специальная техника — производитель и дилер дорожно-строительной, сельскохозяйственной, лесной и складской техники","Мета-описание главной страницы: «ООО НПФ Технотранс Курган — Официальный дилер заводов. Производитель и крупнейший поставщик спецтехники! Сервис, ремонт, запчасти к спецтехнике, обучение» — https://xn--80ajybdmjbd1a.xn--p1ai/",Курган,ТехноТранс,именной,в подвале сайта: © 2022,"руководитель одного из продуктовых отделов продаж, не всего коммерческого блока; почта на домене tt45.ru, его печатает сам сайт",Дедов Андрей Михайлович,Руководитель отдела «Дорожно-строительной техники» (коммерческий отдел),https://xn--80ajybdmjbd1a.xn--p1ai/managment
"УралСпецТранс (ООО «Урал СТ», бренд SEVEREST)",https://severest.ru,Руководитель отдела продаж — именной,lkf@severest.ru,https://severest.ru/contacts/,"Коммерческая техника: завод-производитель полуприцепов, цистерн, автофургонов и спецтехники","Мета-описание главной страницы: «Производство и продажа полуприцепов и цистерн, автомобилей с КМУ, автофургонов, а так же другой спецтехники различного назначения»; там же в тексте: «Более 60 000 клиентов — по всей территории России и СНГ» — https://severest.ru/",Миасс (Челябинская обл.),УралСпецТранс,именной,"в подвале страницы: © ООО «Урал СТ», 2000-2026",адрес из инициалов (lkf@); ссылка в той же карточке ведёт на второй адрес того же человека,Лапшов Константин Федорович,Руководитель отдела продаж,https://severest.ru/contacts/
Грузовые Прицепы (ООО «Грузовые Прицепы»),https://gruz-pricepy.ru,Коммерческий директор — именной,a.shumilkov@gruz-pricepy.ru,https://gruz-pricepy.ru/kontakty/,"Коммерческая техника: официальный дилер заводов-производителей полуприцепов (ТОНАР, STEELBEAR, BRAVER, Тверьстроймаш)","«Мы работаем как официальный дилер заводов-производителей, помогаем подобрать полуприцеп под груз, бюджет, лизинг и доставку» — https://gruz-pricepy.ru/",Нижний Новгород,Грузовые Прицепы,именной,на странице не указана,,Алексей Шумилков,Коммерческий директор,https://gruz-pricepy.ru/kontakty/
Компания Логистик Пак (ООО «Компания Логистик Пак»),https://onsklad.ru,Коммерческий директор — именной,anna@onsklad.ru,https://onsklad.ru/company/staff/,"Логистика: складская логистика — ответственное хранение на складе класса B+, складская обработка, кросс-докинг, погрузочно-разгрузочные работы","«Мы организуем хранение грузов на складе для бизнеса и частных клиентов, обеспечивая безопасные условия размещения, прозрачный учёт и удобную логистику»; «Это особенно актуально для интернет-магазинов, дистрибьюторов и производственных компаний» — https://onsklad.ru/",Москва,Логистик Пак,именной,на странице не указана,адрес по имени (anna@),Анна Магрицкая,Коммерческий директор,https://onsklad.ru/company/staff/
RFL (reFresh Logic),https://www.fresh-logic.ru,Коммерческий директор — именной,mullayarova@fresh-logic.ru,https://www.fresh-logic.ru/o-nas,"Логистика: 3PL и фулфилмент — ответственное хранение, складская логистика, фулфилмент интернет-магазинов, доставка",«Комплексные логистические услуги на всех этапах цепи поставок для B2B и B2C компаний» — https://www.fresh-logic.ru/,Томилино (Московская обл.),RFL,именной,в подвале страницы: © 2009 – 2026,,Ольга Муллаярова,Коммерческий директор,https://www.fresh-logic.ru/o-nas
ПОЛИТЭК (ООО «Политэк»),https://politec.su,Коммерческий директор — именной,pokladov@ooo-polytec.ru,https://politec.su/,"Логистика ВЭД: международная экспедиция — мультимодальные контейнерные перевозки, закупочная и таможенная логистика","«„Политэк“ — экспедиторская компания, работающая на рынке закупочной, транспортной и таможенной логистики с 2004 года»; на главной — кнопка «Оставить заявку» и раздел «Запрос ставки» — https://politec.su/",Москва,Политэк,именной,"в подвале страницы: Copyright © ООО ""Политэк"", 2001-2023","почта на домене ooo-polytec.ru, его печатает сам сайт; телефон — общий номер из шапки сайта",Покладов Александр,Коммерческий директор,https://politec.su/
Optimalog (ООО «Оптима лог»),https://optimalog.ru,Руководитель отдела продаж — именной,m.zimnenko@optimalog.ru,https://optimalog.ru/company/staff/,"Логистика ВЭД: международная логистика — контейнерные, авиа- и автоперевозки, таможенное оформление",Мета-описание главной страницы: «Компания международных логистических услуг в Москве OPTIMALOG с опытом более 15 лет!»; на странице сотрудников — отдел продаж и отдел по развитию клиентов — https://optimalog.ru/,Москва,Optimalog,именной,в подвале страницы: © 2009 - 2026,,Михаил Зимненко,Руководитель отдела продаж,https://optimalog.ru/company/staff/
КаргоМодуль,https://cargomodul.ru,Коммерческий директор — именной,alexeysh.svx@cargomodul.ru,https://cargomodul.ru/management/,"Логистика ВЭД: международная логистика и таможенное оформление — перевозки, ВЭД-аутсорсинг, складские услуги",Мета-описание главной страницы: «Комплексные услуги по организации международных перевозок грузов любого типа - транспортно-логистическая компания КаргоМодуль»; на главной — кнопка «Заказать консультацию» — https://cargomodul.ru/,Екатеринбург,КаргоМодуль,именной,на странице не указана,в адресе имя и первые буквы фамилии (alexeysh.svx@),Шамхан Алексей Михайлович,Коммерческий директор,https://cargomodul.ru/management/
UNEX (Unex Перевозки и Логистика),https://unexspb.ru,Коммерческий директор — именной,bogdan@unexspb.ru,https://unexspb.ru/,"Логистика ВЭД: экспедиция и портовая логистика — авто-, ж/д и морские перевозки, портовое экспедирование, таможенная очистка, агентские услуги","«UNEX - Ваш надежный партнер для всех видов грузоперевозок, складского хранения и таможенного оформления»; «МЫ Готовы решить ВСЕ ВОПРОСЫ по ВЭД, сэкономить Ваше время и подобрать выгодные решения» — https://unexspb.ru/",Санкт-Петербург,UNEX,именной,заголовок сервера Last-Modified: 06.05.2026,адрес по имени (bogdan@),Богдан Кудаев,Коммерческий директор,https://unexspb.ru/
ООО «Предприятие «ФЭСТ»,https://festltd.ru,Коммерческий директор — именной,balueva@fest-k.ru,https://festltd.ru/contacts,Медицинские изделия: производитель аптечек первой помощи; отдельное направление — СИЗ,"«Официальный сайт ООО Предприятие ФЭСТ Производитель аптечек первой помощи ФЭСТ»; на странице контактов — «ОТДЕЛ СБЫТА», тендерный отдел и отдел сбыта в Москве — https://festltd.ru/",Кострома,ФЭСТ,именной,в подвале страницы: © 2026,"почта на домене fest-k.ru, его печатает сам сайт; размер компании на сайте не назван, среди партнёров — федеральные сети",Балуева Екатерина Юрьевна,Коммерческий директор,https://festltd.ru/contacts
ООО «Медицинские изделия» (Казань),https://medizdelie.ru,Начальник отдела продаж — именной,regina@medizdelie.ru,https://medizdelie.ru/contacts/,"Медицинские изделия: производитель одноразовых полимерных инструментов (гинекологические наборы, зеркала, зонды)","«Для получения подробной информации о реализуемых товарах, работах и услугах и их цене необходимо обращаться к менеджерам компании ООО «Медицинские изделия»»; на главной — участие в выставке «Здравоохранение-2025» и обращение «Уважаемые партнеры и коллеги!» — https://medizdelie.ru/contacts/",Казань,Медицинские изделия,именной,на странице не указана; на главной — новость о выставке «Здравоохранение-2025»,адрес по имени (regina@); генеральный директор назван на той же странице без адреса,Хабирова Регина,Начальник отдела продаж,https://medizdelie.ru/contacts/
АО «ДЗМО» (Досчатинский завод медицинского оборудования),https://dzmo.ru,Коммерческий директор — именной,lebedev@dzmo.ru,https://dzmo.ru/contacts/,Медицинские изделия: медицинское оборудование — производитель медицинской мебели и техники,"На странице контактов — региональные менеджеры: «Менеджер отдела продаж и отгрузки по Москве и Московской области, Уральскому ФО»; заголовок сайта — «Медицинская мебель от производителя» — https://dzmo.ru/contacts/",Выкса (Нижегородская обл.),ДЗМО,именной,в подвале страницы: 2003 - 2026 © АО «ДЗМО»,добавочный номер ЛПР на сайте — 2-12; завод находится в р.п. Досчатое,Леонид Лебедев,Коммерческий директор,https://dzmo.ru/contacts/
«Адвамедикс» (Advamedics),https://advamedics.ru,Коммерческий директор — именной,nikulina@advamedics.ru,https://advamedics.ru/company/staff/,"Медицинские изделия: медицинские расходные материалы — эксклюзивный дистрибьютор Poly Medicure (анестезиология, реанимация, хирургия)","«Спешим сообщить, что для крупных оптовых компаний мы предлагаем взаимовыгодные условия сотрудничества и еще более выгодные ценовые предложения»; «Приглашаем к сотрудничеству московские и региональные компании» — https://advamedics.ru/",Москва,Адвамедикс,именной,в подвале страницы: © 2026 «Адвамедикс»,,Елена Никулина,Коммерческий директор,https://advamedics.ru/company/staff/
ООО «Сувенирная компания» (бренд «Адверти»),https://adverti.ru,Руководитель отдела продаж — именной,n.apollonova@adverti.ru,https://adverti.ru/contacts.html,"Полиграфия и сувениры: сувенирная продукция с логотипом и корпоративные подарки оптом, нанесение",«Запас корпоративных подарков позволит вам в любой момент сделать презент клиенту или партнеру»; заголовок сайта — «изготовление подарков на заказ оптом в Москве» — https://adverti.ru/,Москва,Адверти,именной,в подвале страницы: © «Адверти» - сувенирная продукция 2003-2026,"на сайте два руководителя отдела продаж, блок озаглавлен «Менеджеры отдела продаж»",Аполлонова Наталья,Руководитель отдела продаж,https://adverti.ru/contacts.html
ООО «МДМпринт»,https://mdmprint.ru,Руководитель отдела продаж — именной,an@mdmprint.ru,https://mdmprint.ru/contacts/,"Полиграфия и сувениры: типография — цифровая и широкоформатная печать, полиграфия для бизнеса и рекламы, сувенирная продукция",«Принимаем заказы на печать корпоративных календарей»; в команде на странице контактов — три руководителя отдела продаж и старшие менеджеры — https://mdmprint.ru/,Москва,МДМпринт,именной,в подвале страницы: © 2012–2026,короткий адрес (an@); должность «Руководитель отдела продаж» на странице носят трое; в отзывах клиенты благодарят его за ведение заказов,Андрей Курятов,Руководитель отдела продаж,https://mdmprint.ru/contacts/
"Sunprint (типография, Москва)",https://sunprint.ru,Директор — именной,dima@sunprint.ru,https://sunprint.ru/contacts.html,"Полиграфия и сувениры: типография и мерч — полиграфия, упаковка, сувенирная продукция с брендированием, шелкография",«брендирование · тиражи от 50 шт · полный цикл»; в штате на странице контактов — «Руководитель отдела продаж» — https://sunprint.ru/contacts.html,Москва,Sunprint,именной,на странице не указана,адрес по имени (dima@); юрлицо на странице не названо,Кравченко Дмитрий,Директор,https://sunprint.ru/contacts.html
"Типографский комплекс «Девиз» (ГК «Девиз»: ООО «Принт», ООО «Издательство «ДА»)",https://npt.ru,Коммерческий директор — именной,ilya@npt.ru,https://npt.ru/kontakty/rukovodstvo/,"Полиграфия и сувениры: типография — офсетная и листовая печать, полиграфия для бизнеса и издательств","«У нас вы можете заказать полиграфию для себя, для бизнеса или издательство»; в меню — раздел «Отдел продаж», «Скидки предоставляются постоянным клиентам, при печати большого тиража» — https://npt.ru/",Санкт-Петербург,Девиз,именной,в подвале страницы: © 1995—2026 Типографский комплекс «Девиз»,адрес по имени (ilya@); на сайте 300+ сотрудников,Имамназаров Илья Анварович,Коммерческий директор,https://npt.ru/kontakty/rukovodstvo/
FreshOffice (ООО «Свежие решения»),https://www.freshoffice.ru,CEO и Основатель — ящик должности ЛПР,dir@freshoffice.ru,https://www.freshoffice.ru/contacts,B2B SaaS: CRM-система для отделов продаж,"«С нами вы получаете не просто программное обеспечение — вы получаете партнёра, который заинтересован в вашем успехе.» — https://www.freshoffice.ru/contacts",Санкт-Петербург,FreshOffice,ящик должности ЛПР,на странице не указана,ящик должности dir@ в карточке CEO,Игорь Сугнач,CEO и Основатель,https://www.freshoffice.ru/contacts
Стахановец,https://stakhanovets.ru,Исполнительный директор — ящик должности ЛПР,askceo@stakhanovets.ru,https://stakhanovets.ru/o-kompanii/,"B2B SaaS: B2B-ПО (вендор) — защита от утечек, учёт рабочего времени","«У нас более 20 000 клиентов в России, дружественных странах и по всему миру, а общее число установок комплекса Стахановец уже превысило 2 миллиона устройств.» — https://stakhanovets.ru/o-kompanii/",Москва,Стахановец,ящик должности ЛПР,на странице не указана,ящик askceo@ — письмо может разбирать не сам руководитель,Дмитрий Исаев,Исполнительный директор,https://stakhanovets.ru/o-kompanii/
ROCCS (ООО «ИТЦ «РОККС»),https://roccs.ru,Директор — ящик должности ЛПР,ceo@roccs.ru,https://roccs.ru/contacts/,"Интеграторы и автоматизация: телеком-интегратор — оборудование связи Eltex, проектирование и внедрение",«Интеграция комплексных IT-решений в инфраструктуру Заказчика — приоритетное направление развития компании!» — https://roccs.ru,Новосибирск,ROCCS,ящик должности ЛПР,на странице не указана,ящик должности ceo@ в карточке директора,Дмитрий Шилин,Директор,https://roccs.ru/contacts/
Mavlad,https://mavlad.ru,Генеральный директор — ящик должности ЛПР,ceo@mavlad.ru,https://mavlad.ru/informatsiya/staff/,"Интеграторы и автоматизация: услуги 1С, обслуживание компьютеров организаций, веб-разработка","«Мы - команда профессиональных специалистов, осуществляющих реализацию IT-проектов любой сложности.» — https://mavlad.ru",Липецк,Mavlad,ящик должности ЛПР,на странице не указана,ящик должности ceo@; небольшая компания (около 17 человек),Алексей Владимирович Малофеев,Генеральный директор,https://mavlad.ru/informatsiya/staff/
ООО «Технологии Без Границ» (ТБГ),https://techwb.ru,Директор — ящик должности ЛПР,director@techwb.ru,https://techwb.ru/o-kompanii/,"Инжиниринг и промбезопасность: инжиниринг — проектирование и создание пищевых и перерабатывающих производств «под ключ», нестандартное оборудование, сервис","«Компания специализируется на разработке, реализации и полной сервисной поддержке современных высокотехнологичных производств»; на странице — блок «Коммерческий отдел» с кнопкой «Связаться с нами» — https://techwb.ru/o-kompanii/",Бийск (Алтайский край),Технологии Без Границ,ящик должности ЛПР,в подвале страницы: © 2024 Технологии Без Границ,"ящик должности director@ в карточке директора; страница изменена 26.11.2024 (по карте сайта) — 22 месяца при пороге 24, перед отправкой перепроверить должность",Приходько Дмитрий Анатольевич,Директор,https://techwb.ru/o-kompanii/
НЕРАЗРУШАЮЩИЙ КОНТРОЛЬ,https://ncontrol.ru,Коммерческий директор — ящик должности ЛПР,117@ncontrol.ru,https://ncontrol.ru/o_kompanii/sotrudniki,"Промоборудование: неразрушающий контроль и техдиагностика — поставка оборудования, сервис, метрология, лаборатории НК",На странице сотрудников отдельный блок «Отдел продаж» с должностями «Руководитель отдела продаж» и «Руководитель клиентской группы» — https://ncontrol.ru/o_kompanii/sotrudniki,Екатеринбург,Неразрушающий контроль,ящик должности ЛПР,на странице не указана; в подвале © 1993—2026,адрес по внутреннему номеру (117@) в карточке коммерческого директора,Анна Александровна Чебыкина,Коммерческий директор,https://ncontrol.ru/o_kompanii/sotrudniki
ООО «Компрессор Центр»,https://prokompressor.ru,Коммерческий директор — ящик должности ЛПР,102@prokompressor.ru,https://prokompressor.ru/company/staff/,"Промоборудование: компрессорное оборудование — подбор, поставка и сервис промышленных компрессоров, проекты «под ключ»",«Более 6000 клиентов по всей России и СНГ доверили нам свои задачи по организации систем сжатого воздуха.» — https://prokompressor.ru/company/,Барнаул,Компрессор Центр,ящик должности ЛПР,"на странице не указана; в подвале «© 2007-2026, ООО «Компрессор Центр»»",адрес по внутреннему номеру (102@) в карточке коммерческого директора,Игорь Волков,Коммерческий директор,https://prokompressor.ru/company/staff/
ООО «Ижевский кузнечно-механический завод» (ИКМЗ),https://ikmz.ru,Коммерческий директор — ящик должности ЛПР,komdir@ikmz.ru,https://ikmz.ru/contacts/,"Промоборудование: металлообработка — поковки, литьё (сталь, чугун, бронза), запорная арматура и фланцы на заказ",«Поставляем продукцию по всей России и странам ближнего зарубежья» — https://ikmz.ru/,Ижевск,ИКМЗ,ящик должности ЛПР,на странице не указана; в подвале «© ООО «ИКМЗ» 2025»,ящик должности komdir@; в той же карточке напечатан и общий zavod@ (не взят),Брагин Олег Иванович,Коммерческий директор,https://ikmz.ru/contacts/
10-ГПЗ (ООО «10-ГПЗ»),https://10-gpz.ru,Коммерческий директор — ящик должности ЛПР,kd@10-gpz.ru,https://10-gpz.ru/kontakty/,Промдистрибуция: подшипники (производство и опт),«Обратитесь в отдел продаж… формировать даже самые крупные оптовые партии» — https://10-gpz.ru/postavka_podshipnikov/,Ростов-на-Дону,10-ГПЗ,ящик должности ЛПР,страница без даты (подвал сайта «2001-2026. ООО «10-ГПЗ»»),ящик должности kd@; заводом управляет ФГУП «НАМИ» — приоритет ниже,Фоменко Евгений Игоревич,Коммерческий директор,https://10-gpz.ru/kontakty/
EastFood (ООО «ИстФуд»),https://eastfood.spb.ru,Руководитель ОП (отдела продаж) — ящик должности ЛПР,rop@eastfood.spb.ru,https://eastfood.spb.ru/,"Оптовая дистрибуция: HoReCa — оптовый поставщик продуктов питания для ресторанов и кафе (рыба, морепродукты, бакалея, соусы)",Заголовок сайта: «Поставщик продуктов питания для HoReCa ресторанов и кафе в Санкт-Петербурге»; в шапке — «Запрос расчета Оптовой цены» и раздел «Доставка для юридических лиц» — https://eastfood.spb.ru/,Санкт-Петербург,EastFood,ящик должности ЛПР,в подвале страницы: © 2019 - 2026 год,ящик должности rop@ в карточке руководителя отдела продаж; на сайте должность напечатана сокращённо — «Руководитель ОП»,Максим Васильев,Руководитель ОП (отдела продаж),https://eastfood.spb.ru/
"«Еда36» (поставщик HoReCa, Воронеж)",https://eda-36.ru,Директор — ящик должности ЛПР,director@eda-36.ru,https://eda-36.ru/pages/contacts/,"Оптовая дистрибуция: HoReCa — оптовые поставки продуктов питания ресторанам и кафе (замороженное мясо, птица, рыба, морепродукты, сыры)",Заголовок сайта: «Еда36 — поставки продуктов питания для HoReCa в Воронеже»; на странице контактов — отдельные строки «Руководитель отдела продаж» и «Отдел закупок» — https://eda-36.ru/,Воронеж,Еда36,ящик должности ЛПР,в подвале страницы: 2021–2026 © «Еда36»,ящик должности director@ в карточке директора; юрлицо по странице реквизитов — ООО «ЕДА36»,Мешалкин Виктор Владимирович,Директор,https://eda-36.ru/pages/contacts/
ПЗПИ (ООО «ПЗПИ»),https://pzpi.ru,Директор — ящик должности ЛПР,dir@pzpi.ru,https://pzpi.ru/company/staff/vizhanskiy-aleksey-samoylovich/,"Упаковка: пластиковая тара и укупорка, контрактное производство","Отдельная линия «Отдел продаж», «Крупный опт ПНД, ПЭТ тары и укупорки», услуга контрактного производства — https://pzpi.ru/services/contract-production/",Воскресенск (МО),ПЗПИ,ящик должности ЛПР,страница без даты (подвал сайта «2026 © PZPI»),ящик должности dir@ в карточке директора,Вижанский Алексей Самойлович,Директор,https://pzpi.ru/company/staff/vizhanskiy-aleksey-samoylovich/
ООО «МИМ» (Тюмень),https://ooo-mim.ru,Коммерческий директор — ящик должности ЛПР,director@ooo-mim.ru,https://ooo-mim.ru/company/kontakty3,"Медицинские изделия: производитель медицинских изделий (цех полимерного литья, цех сборки и упаковки, цех газовой стерилизации)","«ООО ""МИМ"" Производство и реализация медицинской продукции»; на главной — участие в выставке «Здравоохранение-2025» — https://ooo-mim.ru/",Тюмень,МИМ,ящик должности ЛПР,на странице не указана; на главной — новость от 1 декабря 2025,ящик должности director@ напечатан в карточке коммерческого директора (у генерального — CEO@); производство — в с. Мальково Тюменского района,Красуцкая Татьяна Владимировна,Коммерческий директор,https://ooo-mim.ru/company/kontakty3
ООО Торговый Дом «Айболит» (ТД Айболит),https://aybolit2000.ru,Директор — ящик должности ЛПР,direct@aybolit2000.ru,https://aybolit2000.ru/contacts/,Медицинские изделия: медицинская и лабораторная мебель и оборудование — производитель и поставщик для медучреждений,«Поставки в сфере здравоохранения осуществляются с 1999г.»; заголовок сайта — «производитель медицинской мебели и оборудования в Нижнем Новгороде»; на странице контактов — региональные представители — https://aybolit2000.ru/,Нижний Новгород,ТД Айболит,ящик должности ЛПР,на странице не указана,ящик должности direct@ в карточке директора,Ильин Вячеслав Абрамович,Директор,https://aybolit2000.ru/contacts/
