шаг,вариант,задержка,тема,тема_AB,текст,приветствие_без_имени,слов,слов_тело_макс,слов_тема_макс,слов_тема_плюс_тело_макс
1,в,0 — старт (день 1),{{companyName}}: вопрос о новых клиентах,{{companyName}}: за новых клиентов отвечаете вы?,"Здравствуйте, {{firstName}}!

Меня зовут [Имя], я из Polza Agency. {{персонализация}} {{гипотеза}}

Мы берём холодные email-рассылки на себя: собираем и проверяем базу, пишем письмо под каждую компанию, а отделу продаж передаём только ответы заинтересованных.

Подскажите, пожалуйста, привлечение новых клиентов — это вопрос к вам или к кому-то из коллег?

Неактуально — ответьте «нет».

[Имя Фамилия], [должность]
Polza Agency",,59,105,8,113
1,б,0 — старт (день 1),{{companyName}}: кто отвечает за новых клиентов?,{{companyName}}: вопрос о новых клиентах,"{{RANDOM | Здравствуйте | Добрый день}}!

Меня зовут [Имя], я из Polza Agency. {{персонализация}} {{гипотеза}}

Мы берём холодные email-рассылки на себя: собираем и проверяем базу, пишем письмо под каждую компанию, а отделу продаж передаём только ответы заинтересованных.

На вашем сайте указан {{jobTitle}} — {{lprName}}. Подскажите, пожалуйста, как связаться напрямую, или перешлите это письмо.

Неактуально — ответьте «нет».

[Имя Фамилия], [должность]
Polza Agency",,59,109,8,117
1,а,0 — старт (день 1),{{companyName}}: кто отвечает за новых клиентов?,{{companyName}}: вопрос о новых клиентах,"{{RANDOM | Здравствуйте | Добрый день}}!

Меня зовут [Имя], я из Polza Agency. {{персонализация}} {{гипотеза}}

Мы берём холодные email-рассылки на себя: собираем и проверяем базу, пишем письмо под каждую компанию, а отделу продаж передаём только ответы заинтересованных.

Подскажите, пожалуйста, кто у вас отвечает за новых клиентов и как с ним связаться? Обычно это коммерческий директор или руководитель отдела продаж.

Неактуально — ответьте «нет».

[Имя Фамилия], [должность]
Polza Agency",,65,110,8,118
2,,3 дня после письма 1 (день 4),(пусто — ответ в ветку письма 1; у получателя отобразится как «Re: » и тема письма 1),{{companyName}}: как устроена тестовая неделя,"Здравствуйте, {{firstName}}!

Это [Имя] из Polza Agency. На днях писали вам про холодные email-рассылки. Коротко — как это устроено.

Каждый проект начинаем с тестовой недели:

1. Собираем базу ЛПР и проверяем каждый адрес до отправки.
2. Пишем цепочку писем с отдельным фактом о каждой компании.
3. Отправляем с отдельных прогретых доменов — ваша рабочая почта не участвует.

Через 7 дней видно, какие темы работают. За плечами у нас 300+ кейсов.

Ответьте «да» — предложим время для короткого созвона и покажем, как построили бы кампанию для вас. Если вопрос не к вам — перешлите, пожалуйста, коллеге, который отвечает за новых клиентов.

[Имя Фамилия], [должность]
Polza Agency",{{RANDOM | Здравствуйте | Добрый день}}!,106,108,9,117
3,,5 дней после письма 2 (день 9),{{companyName}}: три вопроса перед запуском рассылок,(пусто — ответ в ветку письма 1),"Здравствуйте, {{firstName}}!

Это [Имя] из Polza Agency, и это последнее письмо: не хотим заваливать вашу почту.

Оставим три вопроса, которые стоит задать себе до запуска холодных рассылок, с нами или без нас:

1. Можно ли описать вашего клиента одной фразой: отрасль, размер, кто принимает решение?
2. Есть ли у клиента понятный первый шаг: тест, демо, аудит?
3. Отвечает ли отдел продаж на новую заявку в первые полчаса?

Где ответ «нет» — начните с этого пункта.

Если тема интересна, ответьте одним словом: «да» или «позже» — вернёмся сразу или через пару месяцев.

P.S. Как мы строим цепочки, разобрали в открытом мини-курсе: dealrocket.ru/cold_emails_course

[Имя Фамилия], [должность]
Polza Agency",{{RANDOM | Здравствуйте | Добрый день}}!,108,110,9,119
