company,email,site
Mingwen Intelligent,sales01@mgwmachine.com,mgwmachine.com
HNC,sales@hnc.su,hnc.su
Tengzhong Machinery,sale01@nttzmt.com,nttzmt.com
Tesid Equipment,sales@tsdgroup.com.cn,tesid.cn
ТД Ункомтех,sales@uncomtech.com,uncomtech.ru
JAT Cemented Carbide,sales@jatcarbide.com,jat-carbide.com
Rogen Technologies,sales@rogentech.com,rogentech.com
Искролайн,sales@iskroline.ru,iskroline.ru
Jimmy CNC Tool,info@jimmytool.com,jimmytool.com
Ezhong Heavy Machinery,sales@ezhonggroup.com,ezhonggroup.com
Shixinghong Precision,sxh@szshixinghong.com,en.szshixinghong.com
Internor Machinery,sales@internor.com.cn,internor-mach.com
РИЦ Техносфера,sales@technosphera.ru,technosphera.ru
Howfit Science,sales@howfit-press.com,howfit-press.com
Fengyi Yinhu,sales@fengyitool.com,fengyitool.com
